case_id,model_type,placement_type,num_occluders,occluder_size,target_class,target_class_name,baseline_target_logit,post_occlusion_target_logit,target_logit_drop,is_correct_baseline,is_correct_post_occlusion,prediction_changed
ns_cow_202,resnet50_geirhos_tl,targeted,1,8,37,pig,7.092348575592041,6.706945419311523,0.3854031562805176,0,0,0
ns_cow_202,resnet50_geirhos_tl,targeted,2,8,37,pig,7.092348575592041,6.410130977630615,0.6822175979614258,0,0,0
ns_cow_202,resnet50_geirhos_tl,targeted,3,8,37,pig,7.092348575592041,6.150289058685303,0.9420595169067383,0,0,0
ns_cow_202,resnet50_geirhos_tl,targeted,4,8,37,pig,7.092348575592041,6.1359076499938965,0.9564409255981445,0,0,0
ns_cow_202,resnet50_geirhos_tl,targeted,5,8,37,pig,7.092348575592041,5.873655796051025,1.2186927795410156,0,0,0
ns_cow_202,resnet50_geirhos_tl,targeted,6,8,37,pig,7.092348575592041,5.587965488433838,1.5043830871582031,0,0,0
ns_cow_202,resnet50_geirhos_tl,targeted,7,8,37,pig,7.092348575592041,5.389576435089111,1.7027721405029297,0,0,0
ns_cow_202,resnet50_geirhos_tl,targeted,8,8,37,pig,7.092348575592041,5.1778883934021,1.9144601821899414,0,0,0
ns_cow_202,resnet50_geirhos_tl,random,1,8,37,pig,7.092348575592041,7.038848400115967,0.05350017547607422,0,0,0
ns_cow_202,resnet50_geirhos_tl,random,2,8,37,pig,7.092348575592041,7.063368320465088,0.028980255126953125,0,0,0
ns_cow_202,resnet50_geirhos_tl,random,3,8,37,pig,7.092348575592041,7.288365840911865,-0.19601726531982422,0,0,0
ns_cow_202,resnet50_geirhos_tl,random,4,8,37,pig,7.092348575592041,7.1741204261779785,-0.0817718505859375,0,0,0
ns_cow_202,resnet50_geirhos_tl,random,5,8,37,pig,7.092348575592041,7.133518695831299,-0.04117012023925781,0,0,0
ns_cow_202,resnet50_geirhos_tl,random,6,8,37,pig,7.092348575592041,6.912816047668457,0.17953252792358398,0,0,0
ns_cow_202,resnet50_geirhos_tl,random,7,8,37,pig,7.092348575592041,6.973134994506836,0.11921358108520508,0,0,0
ns_cow_202,resnet50_geirhos_tl,random,8,8,37,pig,7.092348575592041,7.336784839630127,-0.24443626403808594,0,0,0
ns_cow_202,resnet50_geirhos_tl,targeted,1,16,37,pig,7.092348575592041,6.336757659912109,0.7555909156799316,0,0,0
ns_cow_202,resnet50_geirhos_tl,targeted,2,16,37,pig,7.092348575592041,5.6883673667907715,1.4039812088012695,0,0,0
ns_cow_202,resnet50_geirhos_tl,targeted,3,16,37,pig,7.092348575592041,5.051503658294678,2.0408449172973633,0,0,0
ns_cow_202,resnet50_geirhos_tl,targeted,4,16,37,pig,7.092348575592041,4.604267597198486,2.4880809783935547,0,0,0
ns_cow_202,resnet50_geirhos_tl,targeted,5,16,37,pig,7.092348575592041,4.355449676513672,2.736898899078369,0,0,0
ns_cow_202,resnet50_geirhos_tl,targeted,6,16,37,pig,7.092348575592041,4.510488033294678,2.5818605422973633,0,0,0
ns_cow_202,resnet50_geirhos_tl,targeted,7,16,37,pig,7.092348575592041,4.473104476928711,2.61924409866333,0,0,0
ns_cow_202,resnet50_geirhos_tl,targeted,8,16,37,pig,7.092348575592041,4.41073751449585,2.6816110610961914,0,0,0
ns_cow_202,resnet50_geirhos_tl,random,1,16,37,pig,7.092348575592041,6.836121559143066,0.2562270164489746,0,0,0
ns_cow_202,resnet50_geirhos_tl,random,2,16,37,pig,7.092348575592041,7.116147041320801,-0.023798465728759766,0,0,0
ns_cow_202,resnet50_geirhos_tl,random,3,16,37,pig,7.092348575592041,6.800817489624023,0.2915310859680176,0,0,0
ns_cow_202,resnet50_geirhos_tl,random,4,16,37,pig,7.092348575592041,6.635751247406006,0.45659732818603516,0,0,0
ns_cow_202,resnet50_geirhos_tl,random,5,16,37,pig,7.092348575592041,6.750010967254639,0.34233760833740234,0,0,0
ns_cow_202,resnet50_geirhos_tl,random,6,16,37,pig,7.092348575592041,6.516419410705566,0.5759291648864746,0,0,0
ns_cow_202,resnet50_geirhos_tl,random,7,16,37,pig,7.092348575592041,6.196791172027588,0.8955574035644531,0,0,0
ns_cow_202,resnet50_geirhos_tl,random,8,16,37,pig,7.092348575592041,6.914584636688232,0.1777639389038086,0,0,0
ns_cow_202,resnet50_geirhos_tl,targeted,1,32,37,pig,7.092348575592041,5.378401756286621,1.71394681930542,0,0,0
ns_cow_202,resnet50_geirhos_tl,targeted,2,32,37,pig,7.092348575592041,4.335639953613281,2.7567086219787598,0,0,1
ns_cow_202,resnet50_geirhos_tl,targeted,3,32,37,pig,7.092348575592041,3.799816131591797,3.292532444000244,0,0,1
ns_cow_202,resnet50_geirhos_tl,targeted,4,32,37,pig,7.092348575592041,2.5814428329467773,4.510905742645264,0,0,1
ns_cow_202,resnet50_geirhos_tl,targeted,5,32,37,pig,7.092348575592041,2.3679535388946533,4.724395036697388,0,0,1
ns_cow_202,resnet50_geirhos_tl,targeted,6,32,37,pig,7.092348575592041,2.2612133026123047,4.831135272979736,0,0,1
ns_cow_202,resnet50_geirhos_tl,targeted,7,32,37,pig,7.092348575592041,1.2655655145645142,5.826783061027527,0,0,1
ns_cow_202,resnet50_geirhos_tl,targeted,8,32,37,pig,7.092348575592041,1.7819061279296875,5.3104424476623535,0,0,1
ns_cow_202,resnet50_geirhos_tl,random,1,32,37,pig,7.092348575592041,6.210534572601318,0.8818140029907227,0,0,0
ns_cow_202,resnet50_geirhos_tl,random,2,32,37,pig,7.092348575592041,6.653006076812744,0.4393424987792969,0,0,0
ns_cow_202,resnet50_geirhos_tl,random,3,32,37,pig,7.092348575592041,6.481587886810303,0.6107606887817383,0,0,0
ns_cow_202,resnet50_geirhos_tl,random,4,32,37,pig,7.092348575592041,4.747854709625244,2.344493865966797,0,0,0
ns_cow_202,resnet50_geirhos_tl,random,5,32,37,pig,7.092348575592041,7.090228080749512,0.002120494842529297,0,0,0
ns_cow_202,resnet50_geirhos_tl,random,6,32,37,pig,7.092348575592041,5.072601318359375,2.019747257232666,0,0,0
ns_cow_202,resnet50_geirhos_tl,random,7,32,37,pig,7.092348575592041,6.060305595397949,1.0320429801940918,0,0,0
ns_cow_202,resnet50_geirhos_tl,random,8,32,37,pig,7.092348575592041,5.467606067657471,1.6247425079345703,0,0,0
ns_cow_202,resnet50_geirhos_tl,targeted,1,64,37,pig,7.092348575592041,3.745814561843872,3.346534013748169,0,0,1
ns_cow_202,resnet50_geirhos_tl,targeted,2,64,37,pig,7.092348575592041,2.1384072303771973,4.953941345214844,0,0,1
ns_cow_202,resnet50_geirhos_tl,targeted,3,64,37,pig,7.092348575592041,0.013322096318006516,7.0790264792740345,0,0,1
ns_cow_202,resnet50_geirhos_tl,targeted,4,64,37,pig,7.092348575592041,0.809837281703949,6.282511293888092,0,0,1
ns_cow_202,resnet50_geirhos_tl,targeted,5,64,37,pig,7.092348575592041,0.9034228920936584,6.188925683498383,0,0,1
ns_cow_202,resnet50_geirhos_tl,targeted,6,64,37,pig,7.092348575592041,1.6379272937774658,5.454421281814575,0,0,1
ns_cow_202,resnet50_geirhos_tl,targeted,7,64,37,pig,7.092348575592041,1.610498070716858,5.481850504875183,0,0,1
ns_cow_202,resnet50_geirhos_tl,targeted,8,64,37,pig,7.092348575592041,1.3500750064849854,5.742273569107056,0,0,1
ns_cow_202,resnet50_geirhos_tl,random,1,64,37,pig,7.092348575592041,4.631308078765869,2.461040496826172,0,0,0
ns_cow_202,resnet50_geirhos_tl,random,2,64,37,pig,7.092348575592041,3.303256034851074,3.789092540740967,0,0,0
ns_cow_202,resnet50_geirhos_tl,random,3,64,37,pig,7.092348575592041,5.370565414428711,1.72178316116333,0,0,0
ns_cow_202,resnet50_geirhos_tl,random,4,64,37,pig,7.092348575592041,1.4368771314620972,5.655471444129944,0,0,1
ns_cow_202,resnet50_geirhos_tl,random,5,64,37,pig,7.092348575592041,3.1984660625457764,3.8938825130462646,0,0,0
ns_cow_202,resnet50_geirhos_tl,random,6,64,37,pig,7.092348575592041,2.3479959964752197,4.744352579116821,0,0,1
ns_cow_202,resnet50_geirhos_tl,random,7,64,37,pig,7.092348575592041,0.3589119017124176,6.733436673879623,0,0,1
ns_cow_202,resnet50_geirhos_tl,random,8,64,37,pig,7.092348575592041,0.9997565150260925,6.0925920605659485,0,0,1
ns_cow_202,resnet50_tl_20250829,targeted,1,8,17,dog,150.31063842773438,149.33460998535156,0.9760284423828125,0,0,0
ns_cow_202,resnet50_tl_20250829,targeted,2,8,17,dog,150.31063842773438,148.41770935058594,1.8929290771484375,0,0,0
ns_cow_202,resnet50_tl_20250829,targeted,3,8,17,dog,150.31063842773438,147.5801544189453,2.7304840087890625,0,0,0
ns_cow_202,resnet50_tl_20250829,targeted,4,8,17,dog,150.31063842773438,146.91200256347656,3.3986358642578125,0,0,0
ns_cow_202,resnet50_tl_20250829,targeted,5,8,17,dog,150.31063842773438,146.11441040039062,4.19622802734375,0,0,0
ns_cow_202,resnet50_tl_20250829,targeted,6,8,17,dog,150.31063842773438,145.6356964111328,4.6749420166015625,0,0,0
ns_cow_202,resnet50_tl_20250829,targeted,7,8,17,dog,150.31063842773438,144.9868621826172,5.3237762451171875,0,0,0
ns_cow_202,resnet50_tl_20250829,targeted,8,8,17,dog,150.31063842773438,144.28431701660156,6.0263214111328125,0,0,0
ns_cow_202,resnet50_tl_20250829,random,1,8,17,dog,150.31063842773438,150.20864868164062,0.10198974609375,0,0,0
ns_cow_202,resnet50_tl_20250829,random,2,8,17,dog,150.31063842773438,150.0068817138672,0.3037567138671875,0,0,0
ns_cow_202,resnet50_tl_20250829,random,3,8,17,dog,150.31063842773438,149.77383422851562,0.53680419921875,0,0,0
ns_cow_202,resnet50_tl_20250829,random,4,8,17,dog,150.31063842773438,149.56771850585938,0.742919921875,0,0,0
ns_cow_202,resnet50_tl_20250829,random,5,8,17,dog,150.31063842773438,149.67422485351562,0.63641357421875,0,0,0
ns_cow_202,resnet50_tl_20250829,random,6,8,17,dog,150.31063842773438,149.44012451171875,0.870513916015625,0,0,0
ns_cow_202,resnet50_tl_20250829,random,7,8,17,dog,150.31063842773438,149.33778381347656,0.9728546142578125,0,0,0
ns_cow_202,resnet50_tl_20250829,random,8,8,17,dog,150.31063842773438,149.5311737060547,0.7794647216796875,0,0,0
ns_cow_202,resnet50_tl_20250829,targeted,1,16,17,dog,150.31063842773438,148.13226318359375,2.178375244140625,0,0,0
ns_cow_202,resnet50_tl_20250829,targeted,2,16,17,dog,150.31063842773438,145.7427215576172,4.5679168701171875,0,0,0
ns_cow_202,resnet50_tl_20250829,targeted,3,16,17,dog,150.31063842773438,144.91046142578125,5.400177001953125,0,0,0
ns_cow_202,resnet50_tl_20250829,targeted,4,16,17,dog,150.31063842773438,143.02752685546875,7.283111572265625,0,0,0
ns_cow_202,resnet50_tl_20250829,targeted,5,16,17,dog,150.31063842773438,142.26797485351562,8.04266357421875,0,0,0
ns_cow_202,resnet50_tl_20250829,targeted,6,16,17,dog,150.31063842773438,140.6315155029297,9.679122924804688,0,0,0
ns_cow_202,resnet50_tl_20250829,targeted,7,16,17,dog,150.31063842773438,139.26333618164062,11.04730224609375,0,0,0
ns_cow_202,resnet50_tl_20250829,targeted,8,16,17,dog,150.31063842773438,138.76303100585938,11.547607421875,0,0,0
ns_cow_202,resnet50_tl_20250829,random,1,16,17,dog,150.31063842773438,149.81822204589844,0.4924163818359375,0,0,0
ns_cow_202,resnet50_tl_20250829,random,2,16,17,dog,150.31063842773438,150.24591064453125,0.064727783203125,0,0,0
ns_cow_202,resnet50_tl_20250829,random,3,16,17,dog,150.31063842773438,147.1103057861328,3.2003326416015625,0,0,0
ns_cow_202,resnet50_tl_20250829,random,4,16,17,dog,150.31063842773438,147.8373565673828,2.4732818603515625,0,0,0
ns_cow_202,resnet50_tl_20250829,random,5,16,17,dog,150.31063842773438,146.4373779296875,3.873260498046875,0,0,0
ns_cow_202,resnet50_tl_20250829,random,6,16,17,dog,150.31063842773438,145.7940216064453,4.5166168212890625,0,0,0
ns_cow_202,resnet50_tl_20250829,random,7,16,17,dog,150.31063842773438,144.5074920654297,5.8031463623046875,0,0,0
ns_cow_202,resnet50_tl_20250829,random,8,16,17,dog,150.31063842773438,145.97743225097656,4.3332061767578125,0,0,0
ns_cow_202,resnet50_tl_20250829,targeted,1,32,17,dog,150.31063842773438,143.326416015625,6.984222412109375,0,0,0
ns_cow_202,resnet50_tl_20250829,targeted,2,32,17,dog,150.31063842773438,137.03793334960938,13.272705078125,0,0,0
ns_cow_202,resnet50_tl_20250829,targeted,3,32,17,dog,150.31063842773438,132.62940979003906,17.681228637695312,0,0,0
ns_cow_202,resnet50_tl_20250829,targeted,4,32,17,dog,150.31063842773438,126.59244537353516,23.71819305419922,0,0,0
ns_cow_202,resnet50_tl_20250829,targeted,5,32,17,dog,150.31063842773438,121.0862045288086,29.22443389892578,0,0,1
ns_cow_202,resnet50_tl_20250829,targeted,6,32,17,dog,150.31063842773438,116.26087951660156,34.04975891113281,0,0,1
ns_cow_202,resnet50_tl_20250829,targeted,7,32,17,dog,150.31063842773438,111.89811706542969,38.41252136230469,0,0,1
ns_cow_202,resnet50_tl_20250829,targeted,8,32,17,dog,150.31063842773438,107.98374938964844,42.32688903808594,0,0,1
ns_cow_202,resnet50_tl_20250829,random,1,32,17,dog,150.31063842773438,149.14102172851562,1.16961669921875,0,0,0
ns_cow_202,resnet50_tl_20250829,random,2,32,17,dog,150.31063842773438,144.7265167236328,5.5841217041015625,0,0,0
ns_cow_202,resnet50_tl_20250829,random,3,32,17,dog,150.31063842773438,147.04286193847656,3.2677764892578125,0,0,0
ns_cow_202,resnet50_tl_20250829,random,4,32,17,dog,150.31063842773438,135.1830596923828,15.127578735351562,0,0,0
ns_cow_202,resnet50_tl_20250829,random,5,32,17,dog,150.31063842773438,139.643798828125,10.666839599609375,0,0,0
ns_cow_202,resnet50_tl_20250829,random,6,32,17,dog,150.31063842773438,131.73855590820312,18.57208251953125,0,0,0
ns_cow_202,resnet50_tl_20250829,random,7,32,17,dog,150.31063842773438,130.79803466796875,19.512603759765625,0,0,0
ns_cow_202,resnet50_tl_20250829,random,8,32,17,dog,150.31063842773438,123.48225402832031,26.828384399414062,0,0,0
ns_cow_202,resnet50_tl_20250829,targeted,1,64,17,dog,150.31063842773438,135.64505004882812,14.66558837890625,0,0,0
ns_cow_202,resnet50_tl_20250829,targeted,2,64,17,dog,150.31063842773438,121.94966888427734,28.36096954345703,0,0,0
ns_cow_202,resnet50_tl_20250829,targeted,3,64,17,dog,150.31063842773438,108.2809829711914,42.02965545654297,0,0,0
ns_cow_202,resnet50_tl_20250829,targeted,4,64,17,dog,150.31063842773438,96.6865234375,53.624114990234375,0,0,1
ns_cow_202,resnet50_tl_20250829,targeted,5,64,17,dog,150.31063842773438,86.56190490722656,63.74873352050781,0,0,0
ns_cow_202,resnet50_tl_20250829,targeted,6,64,17,dog,150.31063842773438,78.8790054321289,71.43163299560547,0,0,0
ns_cow_202,resnet50_tl_20250829,targeted,7,64,17,dog,150.31063842773438,75.92851257324219,74.38212585449219,0,0,0
ns_cow_202,resnet50_tl_20250829,targeted,8,64,17,dog,150.31063842773438,68.14789581298828,82.1627426147461,0,0,0
ns_cow_202,resnet50_tl_20250829,random,1,64,17,dog,150.31063842773438,145.52613830566406,4.7845001220703125,0,0,0
ns_cow_202,resnet50_tl_20250829,random,2,64,17,dog,150.31063842773438,133.54470825195312,16.76593017578125,0,0,0
ns_cow_202,resnet50_tl_20250829,random,3,64,17,dog,150.31063842773438,123.08036041259766,27.23027801513672,0,0,0
ns_cow_202,resnet50_tl_20250829,random,4,64,17,dog,150.31063842773438,110.94853973388672,39.362098693847656,0,0,0
ns_cow_202,resnet50_tl_20250829,random,5,64,17,dog,150.31063842773438,103.81937408447266,46.49126434326172,0,0,0
ns_cow_202,resnet50_tl_20250829,random,6,64,17,dog,150.31063842773438,96.91905975341797,53.391578674316406,0,0,1
ns_cow_202,resnet50_tl_20250829,random,7,64,17,dog,150.31063842773438,96.94925689697266,53.36138153076172,0,0,0
ns_cow_202,resnet50_tl_20250829,random,8,64,17,dog,150.31063842773438,62.562110900878906,87.74852752685547,0,0,1
