case_id,prefix,model_type,cluster_rank,target_k,selected_member_position,global_index,eligible_row,resp,n_shapes_in_cluster,base_grid,source_top10_jsonl,source_shapes_npz,source_occluder_config,output_png,status,error
ns_cow_202,shape,resnet50_geirhos_tl,1.0,72.0,0,6769.0,6769.0,0.9999999999997585,25.0,256.0,/home/hschatzle/data/storage-occ-v2/repos/monte-carlo-selection/results/occlusion/bgmm_generated_size16_both_models/source_resnet50_geirhos_tl/size_32/ns_cow_202/top10_clusters.jsonl,/home/hschatzle/data/storage-occ-v2/repos/monte-carlo-selection/data/cases/generated_from_best_occluders/ns_cow_202/resnet50_geirhos_tl/size_32/generated/shapes_xy.npz,/home/hschatzle/data/storage-occ-v2/repos/monte-carlo-selection/data/cases/generated_from_best_occluders/ns_cow_202/resnet50_geirhos_tl/size_32/generated/source_occluder_config.json,/home/hschatzle/data/storage-occ-v2/repos/monte-carlo-selection/results/occlusion/representative_shape_plots_size32/shape_ns_cow_202_representative.png,ok,
ns_cow_205,shape,resnet50_geirhos_tl,1.0,70.0,0,6695.0,6695.0,0.999998876572255,25.0,256.0,/home/hschatzle/data/storage-occ-v2/repos/monte-carlo-selection/results/occlusion/bgmm_generated_size16_both_models/source_resnet50_geirhos_tl/size_32/ns_cow_205/top10_clusters.jsonl,/home/hschatzle/data/storage-occ-v2/repos/monte-carlo-selection/data/cases/generated_from_best_occluders/ns_cow_205/resnet50_geirhos_tl/size_32/generated/shapes_xy.npz,/home/hschatzle/data/storage-occ-v2/repos/monte-carlo-selection/data/cases/generated_from_best_occluders/ns_cow_205/resnet50_geirhos_tl/size_32/generated/source_occluder_config.json,/home/hschatzle/data/storage-occ-v2/repos/monte-carlo-selection/results/occlusion/representative_shape_plots_size32/shape_ns_cow_205_representative.png,ok,
ns_cow_350,shape,resnet50_geirhos_tl,1.0,56.0,0,9106.0,9106.0,1.0,25.0,256.0,/home/hschatzle/data/storage-occ-v2/repos/monte-carlo-selection/results/occlusion/bgmm_generated_size16_both_models/source_resnet50_geirhos_tl/size_32/ns_cow_350/top10_clusters.jsonl,/home/hschatzle/data/storage-occ-v2/repos/monte-carlo-selection/data/cases/generated_from_best_occluders/ns_cow_350/resnet50_geirhos_tl/size_32/generated/shapes_xy.npz,/home/hschatzle/data/storage-occ-v2/repos/monte-carlo-selection/data/cases/generated_from_best_occluders/ns_cow_350/resnet50_geirhos_tl/size_32/generated/source_occluder_config.json,/home/hschatzle/data/storage-occ-v2/repos/monte-carlo-selection/results/occlusion/representative_shape_plots_size32/shape_ns_cow_350_representative.png,ok,
ns_cow_510,shape,resnet50_geirhos_tl,1.0,36.0,0,4244.0,4244.0,0.9999999995813198,25.0,256.0,/home/hschatzle/data/storage-occ-v2/repos/monte-carlo-selection/results/occlusion/bgmm_generated_size16_both_models/source_resnet50_geirhos_tl/size_32/ns_cow_510/top10_clusters.jsonl,/home/hschatzle/data/storage-occ-v2/repos/monte-carlo-selection/data/cases/generated_from_best_occluders/ns_cow_510/resnet50_geirhos_tl/size_32/generated/shapes_xy.npz,/home/hschatzle/data/storage-occ-v2/repos/monte-carlo-selection/data/cases/generated_from_best_occluders/ns_cow_510/resnet50_geirhos_tl/size_32/generated/source_occluder_config.json,/home/hschatzle/data/storage-occ-v2/repos/monte-carlo-selection/results/occlusion/representative_shape_plots_size32/shape_ns_cow_510_representative.png,ok,
ns_cow_780,shape,resnet50_geirhos_tl,1.0,51.0,0,6178.0,6178.0,0.9999999997411068,25.0,256.0,/home/hschatzle/data/storage-occ-v2/repos/monte-carlo-selection/results/occlusion/bgmm_generated_size16_both_models/source_resnet50_geirhos_tl/size_32/ns_cow_780/top10_clusters.jsonl,/home/hschatzle/data/storage-occ-v2/repos/monte-carlo-selection/data/cases/generated_from_best_occluders/ns_cow_780/resnet50_geirhos_tl/size_32/generated/shapes_xy.npz,/home/hschatzle/data/storage-occ-v2/repos/monte-carlo-selection/data/cases/generated_from_best_occluders/ns_cow_780/resnet50_geirhos_tl/size_32/generated/source_occluder_config.json,/home/hschatzle/data/storage-occ-v2/repos/monte-carlo-selection/results/occlusion/representative_shape_plots_size32/shape_ns_cow_780_representative.png,ok,
ns_dog_105,shape,resnet50_geirhos_tl,1.0,76.0,0,5285.0,5285.0,0.999997774553041,25.0,256.0,/home/hschatzle/data/storage-occ-v2/repos/monte-carlo-selection/results/occlusion/bgmm_generated_size16_both_models/source_resnet50_geirhos_tl/size_32/ns_dog_105/top10_clusters.jsonl,/home/hschatzle/data/storage-occ-v2/repos/monte-carlo-selection/data/cases/generated_from_best_occluders/ns_dog_105/resnet50_geirhos_tl/size_32/generated/shapes_xy.npz,/home/hschatzle/data/storage-occ-v2/repos/monte-carlo-selection/data/cases/generated_from_best_occluders/ns_dog_105/resnet50_geirhos_tl/size_32/generated/source_occluder_config.json,/home/hschatzle/data/storage-occ-v2/repos/monte-carlo-selection/results/occlusion/representative_shape_plots_size32/shape_ns_dog_105_representative.png,ok,
ns_dog_214,shape,resnet50_geirhos_tl,1.0,9.0,0,5015.0,5015.0,0.9996835501662533,25.0,256.0,/home/hschatzle/data/storage-occ-v2/repos/monte-carlo-selection/results/occlusion/bgmm_generated_size16_both_models/source_resnet50_geirhos_tl/size_32/ns_dog_214/top10_clusters.jsonl,/home/hschatzle/data/storage-occ-v2/repos/monte-carlo-selection/data/cases/generated_from_best_occluders/ns_dog_214/resnet50_geirhos_tl/size_32/generated/shapes_xy.npz,/home/hschatzle/data/storage-occ-v2/repos/monte-carlo-selection/data/cases/generated_from_best_occluders/ns_dog_214/resnet50_geirhos_tl/size_32/generated/source_occluder_config.json,/home/hschatzle/data/storage-occ-v2/repos/monte-carlo-selection/results/occlusion/representative_shape_plots_size32/shape_ns_dog_214_representative.png,ok,
ns_dog_350,shape,resnet50_geirhos_tl,1.0,41.0,0,4004.0,4004.0,0.999999785760929,25.0,256.0,/home/hschatzle/data/storage-occ-v2/repos/monte-carlo-selection/results/occlusion/bgmm_generated_size16_both_models/source_resnet50_geirhos_tl/size_32/ns_dog_350/top10_clusters.jsonl,/home/hschatzle/data/storage-occ-v2/repos/monte-carlo-selection/data/cases/generated_from_best_occluders/ns_dog_350/resnet50_geirhos_tl/size_32/generated/shapes_xy.npz,/home/hschatzle/data/storage-occ-v2/repos/monte-carlo-selection/data/cases/generated_from_best_occluders/ns_dog_350/resnet50_geirhos_tl/size_32/generated/source_occluder_config.json,/home/hschatzle/data/storage-occ-v2/repos/monte-carlo-selection/results/occlusion/representative_shape_plots_size32/shape_ns_dog_350_representative.png,ok,
ns_dog_69,shape,resnet50_geirhos_tl,1.0,4.0,0,4870.0,4870.0,0.9999999999801616,25.0,256.0,/home/hschatzle/data/storage-occ-v2/repos/monte-carlo-selection/results/occlusion/bgmm_generated_size16_both_models/source_resnet50_geirhos_tl/size_32/ns_dog_69/top10_clusters.jsonl,/home/hschatzle/data/storage-occ-v2/repos/monte-carlo-selection/data/cases/generated_from_best_occluders/ns_dog_69/resnet50_geirhos_tl/size_32/generated/shapes_xy.npz,/home/hschatzle/data/storage-occ-v2/repos/monte-carlo-selection/data/cases/generated_from_best_occluders/ns_dog_69/resnet50_geirhos_tl/size_32/generated/source_occluder_config.json,/home/hschatzle/data/storage-occ-v2/repos/monte-carlo-selection/results/occlusion/representative_shape_plots_size32/shape_ns_dog_69_representative.png,ok,
ns_dog_780,shape,resnet50_geirhos_tl,,,0,,,,,,/home/hschatzle/data/storage-occ-v2/repos/monte-carlo-selection/results/occlusion/bgmm_generated_size16_both_models/source_resnet50_geirhos_tl/size_32/ns_dog_780/top10_clusters.jsonl,,,,failed,Missing shapes_xy.npz: /home/hschatzle/data/storage-occ-v2/repos/monte-carlo-selection/data/cases/generated_from_best_occluders/ns_dog_780/resnet50_geirhos_tl/size_32/generated/shapes_xy.npz
ns_elephant_100,shape,resnet50_geirhos_tl,1.0,10.0,0,8.0,8.0,0.32304297121447556,25.0,256.0,/home/hschatzle/data/storage-occ-v2/repos/monte-carlo-selection/results/occlusion/bgmm_generated_size16_both_models/source_resnet50_geirhos_tl/size_32/ns_elephant_100/top10_clusters.jsonl,/home/hschatzle/data/storage-occ-v2/repos/monte-carlo-selection/data/cases/generated_from_best_occluders/ns_elephant_100/resnet50_geirhos_tl/size_32/generated/shapes_xy.npz,/home/hschatzle/data/storage-occ-v2/repos/monte-carlo-selection/data/cases/generated_from_best_occluders/ns_elephant_100/resnet50_geirhos_tl/size_32/generated/source_occluder_config.json,/home/hschatzle/data/storage-occ-v2/repos/monte-carlo-selection/results/occlusion/representative_shape_plots_size32/shape_ns_elephant_100_representative.png,ok,
ns_elephant_109,shape,resnet50_geirhos_tl,1.0,70.0,0,2598.0,2598.0,0.999998910203996,25.0,256.0,/home/hschatzle/data/storage-occ-v2/repos/monte-carlo-selection/results/occlusion/bgmm_generated_size16_both_models/source_resnet50_geirhos_tl/size_32/ns_elephant_109/top10_clusters.jsonl,/home/hschatzle/data/storage-occ-v2/repos/monte-carlo-selection/data/cases/generated_from_best_occluders/ns_elephant_109/resnet50_geirhos_tl/size_32/generated/shapes_xy.npz,/home/hschatzle/data/storage-occ-v2/repos/monte-carlo-selection/data/cases/generated_from_best_occluders/ns_elephant_109/resnet50_geirhos_tl/size_32/generated/source_occluder_config.json,/home/hschatzle/data/storage-occ-v2/repos/monte-carlo-selection/results/occlusion/representative_shape_plots_size32/shape_ns_elephant_109_representative.png,ok,
ns_elephant_350,shape,resnet50_geirhos_tl,1.0,15.0,0,154.0,154.0,0.9999719717220446,25.0,256.0,/home/hschatzle/data/storage-occ-v2/repos/monte-carlo-selection/results/occlusion/bgmm_generated_size16_both_models/source_resnet50_geirhos_tl/size_32/ns_elephant_350/top10_clusters.jsonl,/home/hschatzle/data/storage-occ-v2/repos/monte-carlo-selection/data/cases/generated_from_best_occluders/ns_elephant_350/resnet50_geirhos_tl/size_32/generated/shapes_xy.npz,/home/hschatzle/data/storage-occ-v2/repos/monte-carlo-selection/data/cases/generated_from_best_occluders/ns_elephant_350/resnet50_geirhos_tl/size_32/generated/source_occluder_config.json,/home/hschatzle/data/storage-occ-v2/repos/monte-carlo-selection/results/occlusion/representative_shape_plots_size32/shape_ns_elephant_350_representative.png,ok,
ns_elephant_47,shape,resnet50_geirhos_tl,1.0,38.0,0,4218.0,4218.0,0.999999999994408,25.0,256.0,/home/hschatzle/data/storage-occ-v2/repos/monte-carlo-selection/results/occlusion/bgmm_generated_size16_both_models/source_resnet50_geirhos_tl/size_32/ns_elephant_47/top10_clusters.jsonl,/home/hschatzle/data/storage-occ-v2/repos/monte-carlo-selection/data/cases/generated_from_best_occluders/ns_elephant_47/resnet50_geirhos_tl/size_32/generated/shapes_xy.npz,/home/hschatzle/data/storage-occ-v2/repos/monte-carlo-selection/data/cases/generated_from_best_occluders/ns_elephant_47/resnet50_geirhos_tl/size_32/generated/source_occluder_config.json,/home/hschatzle/data/storage-occ-v2/repos/monte-carlo-selection/results/occlusion/representative_shape_plots_size32/shape_ns_elephant_47_representative.png,ok,
ns_elephant_780,shape,resnet50_geirhos_tl,1.0,12.0,0,9250.0,9250.0,1.0,25.0,256.0,/home/hschatzle/data/storage-occ-v2/repos/monte-carlo-selection/results/occlusion/bgmm_generated_size16_both_models/source_resnet50_geirhos_tl/size_32/ns_elephant_780/top10_clusters.jsonl,/home/hschatzle/data/storage-occ-v2/repos/monte-carlo-selection/data/cases/generated_from_best_occluders/ns_elephant_780/resnet50_geirhos_tl/size_32/generated/shapes_xy.npz,/home/hschatzle/data/storage-occ-v2/repos/monte-carlo-selection/data/cases/generated_from_best_occluders/ns_elephant_780/resnet50_geirhos_tl/size_32/generated/source_occluder_config.json,/home/hschatzle/data/storage-occ-v2/repos/monte-carlo-selection/results/occlusion/representative_shape_plots_size32/shape_ns_elephant_780_representative.png,ok,
ns_lion_350,shape,resnet50_geirhos_tl,1.0,59.0,0,4351.0,4351.0,0.9999999998301519,25.0,256.0,/home/hschatzle/data/storage-occ-v2/repos/monte-carlo-selection/results/occlusion/bgmm_generated_size16_both_models/source_resnet50_geirhos_tl/size_32/ns_lion_350/top10_clusters.jsonl,/home/hschatzle/data/storage-occ-v2/repos/monte-carlo-selection/data/cases/generated_from_best_occluders/ns_lion_350/resnet50_geirhos_tl/size_32/generated/shapes_xy.npz,/home/hschatzle/data/storage-occ-v2/repos/monte-carlo-selection/data/cases/generated_from_best_occluders/ns_lion_350/resnet50_geirhos_tl/size_32/generated/source_occluder_config.json,/home/hschatzle/data/storage-occ-v2/repos/monte-carlo-selection/results/occlusion/representative_shape_plots_size32/shape_ns_lion_350_representative.png,ok,
ns_lion_560,shape,resnet50_geirhos_tl,1.0,24.0,0,5492.0,5492.0,0.9999999996585416,25.0,256.0,/home/hschatzle/data/storage-occ-v2/repos/monte-carlo-selection/results/occlusion/bgmm_generated_size16_both_models/source_resnet50_geirhos_tl/size_32/ns_lion_560/top10_clusters.jsonl,/home/hschatzle/data/storage-occ-v2/repos/monte-carlo-selection/data/cases/generated_from_best_occluders/ns_lion_560/resnet50_geirhos_tl/size_32/generated/shapes_xy.npz,/home/hschatzle/data/storage-occ-v2/repos/monte-carlo-selection/data/cases/generated_from_best_occluders/ns_lion_560/resnet50_geirhos_tl/size_32/generated/source_occluder_config.json,/home/hschatzle/data/storage-occ-v2/repos/monte-carlo-selection/results/occlusion/representative_shape_plots_size32/shape_ns_lion_560_representative.png,ok,
ns_lion_650,shape,resnet50_geirhos_tl,1.0,25.0,0,4340.0,4340.0,0.9999999965115479,25.0,256.0,/home/hschatzle/data/storage-occ-v2/repos/monte-carlo-selection/results/occlusion/bgmm_generated_size16_both_models/source_resnet50_geirhos_tl/size_32/ns_lion_650/top10_clusters.jsonl,/home/hschatzle/data/storage-occ-v2/repos/monte-carlo-selection/data/cases/generated_from_best_occluders/ns_lion_650/resnet50_geirhos_tl/size_32/generated/shapes_xy.npz,/home/hschatzle/data/storage-occ-v2/repos/monte-carlo-selection/data/cases/generated_from_best_occluders/ns_lion_650/resnet50_geirhos_tl/size_32/generated/source_occluder_config.json,/home/hschatzle/data/storage-occ-v2/repos/monte-carlo-selection/results/occlusion/representative_shape_plots_size32/shape_ns_lion_650_representative.png,ok,
ns_lion_780,shape,resnet50_geirhos_tl,1.0,67.0,0,5586.0,5586.0,0.9910682403097818,25.0,256.0,/home/hschatzle/data/storage-occ-v2/repos/monte-carlo-selection/results/occlusion/bgmm_generated_size16_both_models/source_resnet50_geirhos_tl/size_32/ns_lion_780/top10_clusters.jsonl,/home/hschatzle/data/storage-occ-v2/repos/monte-carlo-selection/data/cases/generated_from_best_occluders/ns_lion_780/resnet50_geirhos_tl/size_32/generated/shapes_xy.npz,/home/hschatzle/data/storage-occ-v2/repos/monte-carlo-selection/data/cases/generated_from_best_occluders/ns_lion_780/resnet50_geirhos_tl/size_32/generated/source_occluder_config.json,/home/hschatzle/data/storage-occ-v2/repos/monte-carlo-selection/results/occlusion/representative_shape_plots_size32/shape_ns_lion_780_representative.png,ok,
ns_lion_801,shape,resnet50_geirhos_tl,1.0,53.0,0,8358.0,8358.0,1.0,25.0,256.0,/home/hschatzle/data/storage-occ-v2/repos/monte-carlo-selection/results/occlusion/bgmm_generated_size16_both_models/source_resnet50_geirhos_tl/size_32/ns_lion_801/top10_clusters.jsonl,/home/hschatzle/data/storage-occ-v2/repos/monte-carlo-selection/data/cases/generated_from_best_occluders/ns_lion_801/resnet50_geirhos_tl/size_32/generated/shapes_xy.npz,/home/hschatzle/data/storage-occ-v2/repos/monte-carlo-selection/data/cases/generated_from_best_occluders/ns_lion_801/resnet50_geirhos_tl/size_32/generated/source_occluder_config.json,/home/hschatzle/data/storage-occ-v2/repos/monte-carlo-selection/results/occlusion/representative_shape_plots_size32/shape_ns_lion_801_representative.png,ok,
s_bird_111,shape,resnet50_geirhos_tl,1.0,18.0,0,9320.0,9320.0,1.0,25.0,256.0,/home/hschatzle/data/storage-occ-v2/repos/monte-carlo-selection/results/occlusion/bgmm_generated_size16_both_models/source_resnet50_geirhos_tl/size_32/s_bird_111/top10_clusters.jsonl,/home/hschatzle/data/storage-occ-v2/repos/monte-carlo-selection/data/cases/generated_from_best_occluders/s_bird_111/resnet50_geirhos_tl/size_32/generated/shapes_xy.npz,/home/hschatzle/data/storage-occ-v2/repos/monte-carlo-selection/data/cases/generated_from_best_occluders/s_bird_111/resnet50_geirhos_tl/size_32/generated/source_occluder_config.json,/home/hschatzle/data/storage-occ-v2/repos/monte-carlo-selection/results/occlusion/representative_shape_plots_size32/shape_s_bird_111_representative.png,ok,
s_bird_117,shape,resnet50_geirhos_tl,1.0,59.0,0,6033.0,6033.0,1.0,25.0,256.0,/home/hschatzle/data/storage-occ-v2/repos/monte-carlo-selection/results/occlusion/bgmm_generated_size16_both_models/source_resnet50_geirhos_tl/size_32/s_bird_117/top10_clusters.jsonl,/home/hschatzle/data/storage-occ-v2/repos/monte-carlo-selection/data/cases/generated_from_best_occluders/s_bird_117/resnet50_geirhos_tl/size_32/generated/shapes_xy.npz,/home/hschatzle/data/storage-occ-v2/repos/monte-carlo-selection/data/cases/generated_from_best_occluders/s_bird_117/resnet50_geirhos_tl/size_32/generated/source_occluder_config.json,/home/hschatzle/data/storage-occ-v2/repos/monte-carlo-selection/results/occlusion/representative_shape_plots_size32/shape_s_bird_117_representative.png,ok,
s_bird_132,shape,resnet50_geirhos_tl,1.0,17.0,0,2753.0,2753.0,0.999999999868166,25.0,256.0,/home/hschatzle/data/storage-occ-v2/repos/monte-carlo-selection/results/occlusion/bgmm_generated_size16_both_models/source_resnet50_geirhos_tl/size_32/s_bird_132/top10_clusters.jsonl,/home/hschatzle/data/storage-occ-v2/repos/monte-carlo-selection/data/cases/generated_from_best_occluders/s_bird_132/resnet50_geirhos_tl/size_32/generated/shapes_xy.npz,/home/hschatzle/data/storage-occ-v2/repos/monte-carlo-selection/data/cases/generated_from_best_occluders/s_bird_132/resnet50_geirhos_tl/size_32/generated/source_occluder_config.json,/home/hschatzle/data/storage-occ-v2/repos/monte-carlo-selection/results/occlusion/representative_shape_plots_size32/shape_s_bird_132_representative.png,ok,
s_bird_136,shape,resnet50_geirhos_tl,1.0,45.0,0,9551.0,9551.0,0.9999999999763816,25.0,256.0,/home/hschatzle/data/storage-occ-v2/repos/monte-carlo-selection/results/occlusion/bgmm_generated_size16_both_models/source_resnet50_geirhos_tl/size_32/s_bird_136/top10_clusters.jsonl,/home/hschatzle/data/storage-occ-v2/repos/monte-carlo-selection/data/cases/generated_from_best_occluders/s_bird_136/resnet50_geirhos_tl/size_32/generated/shapes_xy.npz,/home/hschatzle/data/storage-occ-v2/repos/monte-carlo-selection/data/cases/generated_from_best_occluders/s_bird_136/resnet50_geirhos_tl/size_32/generated/source_occluder_config.json,/home/hschatzle/data/storage-occ-v2/repos/monte-carlo-selection/results/occlusion/representative_shape_plots_size32/shape_s_bird_136_representative.png,ok,
s_bird_137,shape,resnet50_geirhos_tl,1.0,66.0,0,7896.0,7896.0,0.9999998716481654,25.0,256.0,/home/hschatzle/data/storage-occ-v2/repos/monte-carlo-selection/results/occlusion/bgmm_generated_size16_both_models/source_resnet50_geirhos_tl/size_32/s_bird_137/top10_clusters.jsonl,/home/hschatzle/data/storage-occ-v2/repos/monte-carlo-selection/data/cases/generated_from_best_occluders/s_bird_137/resnet50_geirhos_tl/size_32/generated/shapes_xy.npz,/home/hschatzle/data/storage-occ-v2/repos/monte-carlo-selection/data/cases/generated_from_best_occluders/s_bird_137/resnet50_geirhos_tl/size_32/generated/source_occluder_config.json,/home/hschatzle/data/storage-occ-v2/repos/monte-carlo-selection/results/occlusion/representative_shape_plots_size32/shape_s_bird_137_representative.png,ok,
s_bird_212,shape,resnet50_geirhos_tl,1.0,62.0,0,7565.0,7565.0,0.9987589416866466,25.0,256.0,/home/hschatzle/data/storage-occ-v2/repos/monte-carlo-selection/results/occlusion/bgmm_generated_size16_both_models/source_resnet50_geirhos_tl/size_32/s_bird_212/top10_clusters.jsonl,/home/hschatzle/data/storage-occ-v2/repos/monte-carlo-selection/data/cases/generated_from_best_occluders/s_bird_212/resnet50_geirhos_tl/size_32/generated/shapes_xy.npz,/home/hschatzle/data/storage-occ-v2/repos/monte-carlo-selection/data/cases/generated_from_best_occluders/s_bird_212/resnet50_geirhos_tl/size_32/generated/source_occluder_config.json,/home/hschatzle/data/storage-occ-v2/repos/monte-carlo-selection/results/occlusion/representative_shape_plots_size32/shape_s_bird_212_representative.png,ok,
s_bird_350,shape,resnet50_geirhos_tl,1.0,27.0,0,6820.0,6820.0,0.9999999997646399,25.0,256.0,/home/hschatzle/data/storage-occ-v2/repos/monte-carlo-selection/results/occlusion/bgmm_generated_size16_both_models/source_resnet50_geirhos_tl/size_32/s_bird_350/top10_clusters.jsonl,/home/hschatzle/data/storage-occ-v2/repos/monte-carlo-selection/data/cases/generated_from_best_occluders/s_bird_350/resnet50_geirhos_tl/size_32/generated/shapes_xy.npz,/home/hschatzle/data/storage-occ-v2/repos/monte-carlo-selection/data/cases/generated_from_best_occluders/s_bird_350/resnet50_geirhos_tl/size_32/generated/source_occluder_config.json,/home/hschatzle/data/storage-occ-v2/repos/monte-carlo-selection/results/occlusion/representative_shape_plots_size32/shape_s_bird_350_representative.png,ok,
s_butterfly_11,shape,resnet50_geirhos_tl,1.0,28.0,0,5594.0,5594.0,1.0,25.0,256.0,/home/hschatzle/data/storage-occ-v2/repos/monte-carlo-selection/results/occlusion/bgmm_generated_size16_both_models/source_resnet50_geirhos_tl/size_32/s_butterfly_11/top10_clusters.jsonl,/home/hschatzle/data/storage-occ-v2/repos/monte-carlo-selection/data/cases/generated_from_best_occluders/s_butterfly_11/resnet50_geirhos_tl/size_32/generated/shapes_xy.npz,/home/hschatzle/data/storage-occ-v2/repos/monte-carlo-selection/data/cases/generated_from_best_occluders/s_butterfly_11/resnet50_geirhos_tl/size_32/generated/source_occluder_config.json,/home/hschatzle/data/storage-occ-v2/repos/monte-carlo-selection/results/occlusion/representative_shape_plots_size32/shape_s_butterfly_11_representative.png,ok,
s_butterfly_144,shape,resnet50_geirhos_tl,1.0,15.0,0,1994.0,1994.0,0.9994526032293958,25.0,256.0,/home/hschatzle/data/storage-occ-v2/repos/monte-carlo-selection/results/occlusion/bgmm_generated_size16_both_models/source_resnet50_geirhos_tl/size_32/s_butterfly_144/top10_clusters.jsonl,/home/hschatzle/data/storage-occ-v2/repos/monte-carlo-selection/data/cases/generated_from_best_occluders/s_butterfly_144/resnet50_geirhos_tl/size_32/generated/shapes_xy.npz,/home/hschatzle/data/storage-occ-v2/repos/monte-carlo-selection/data/cases/generated_from_best_occluders/s_butterfly_144/resnet50_geirhos_tl/size_32/generated/source_occluder_config.json,/home/hschatzle/data/storage-occ-v2/repos/monte-carlo-selection/results/occlusion/representative_shape_plots_size32/shape_s_butterfly_144_representative.png,ok,
s_butterfly_350,shape,resnet50_geirhos_tl,1.0,41.0,0,3747.0,3747.0,0.9999995669823051,25.0,256.0,/home/hschatzle/data/storage-occ-v2/repos/monte-carlo-selection/results/occlusion/bgmm_generated_size16_both_models/source_resnet50_geirhos_tl/size_32/s_butterfly_350/top10_clusters.jsonl,/home/hschatzle/data/storage-occ-v2/repos/monte-carlo-selection/data/cases/generated_from_best_occluders/s_butterfly_350/resnet50_geirhos_tl/size_32/generated/shapes_xy.npz,/home/hschatzle/data/storage-occ-v2/repos/monte-carlo-selection/data/cases/generated_from_best_occluders/s_butterfly_350/resnet50_geirhos_tl/size_32/generated/source_occluder_config.json,/home/hschatzle/data/storage-occ-v2/repos/monte-carlo-selection/results/occlusion/representative_shape_plots_size32/shape_s_butterfly_350_representative.png,ok,
s_butterfly_560,shape,resnet50_geirhos_tl,1.0,54.0,0,7840.0,7840.0,0.9999999999996874,25.0,256.0,/home/hschatzle/data/storage-occ-v2/repos/monte-carlo-selection/results/occlusion/bgmm_generated_size16_both_models/source_resnet50_geirhos_tl/size_32/s_butterfly_560/top10_clusters.jsonl,/home/hschatzle/data/storage-occ-v2/repos/monte-carlo-selection/data/cases/generated_from_best_occluders/s_butterfly_560/resnet50_geirhos_tl/size_32/generated/shapes_xy.npz,/home/hschatzle/data/storage-occ-v2/repos/monte-carlo-selection/data/cases/generated_from_best_occluders/s_butterfly_560/resnet50_geirhos_tl/size_32/generated/source_occluder_config.json,/home/hschatzle/data/storage-occ-v2/repos/monte-carlo-selection/results/occlusion/representative_shape_plots_size32/shape_s_butterfly_560_representative.png,ok,
s_fish_350,shape,resnet50_geirhos_tl,1.0,2.0,0,9118.0,9118.0,0.10704185361828233,25.0,256.0,/home/hschatzle/data/storage-occ-v2/repos/monte-carlo-selection/results/occlusion/bgmm_generated_size16_both_models/source_resnet50_geirhos_tl/size_32/s_fish_350/top10_clusters.jsonl,/home/hschatzle/data/storage-occ-v2/repos/monte-carlo-selection/data/cases/generated_from_best_occluders/s_fish_350/resnet50_geirhos_tl/size_32/generated/shapes_xy.npz,/home/hschatzle/data/storage-occ-v2/repos/monte-carlo-selection/data/cases/generated_from_best_occluders/s_fish_350/resnet50_geirhos_tl/size_32/generated/source_occluder_config.json,/home/hschatzle/data/storage-occ-v2/repos/monte-carlo-selection/results/occlusion/representative_shape_plots_size32/shape_s_fish_350_representative.png,ok,
s_fish_4,shape,resnet50_geirhos_tl,1.0,70.0,0,6618.0,6618.0,0.9999999999915872,25.0,256.0,/home/hschatzle/data/storage-occ-v2/repos/monte-carlo-selection/results/occlusion/bgmm_generated_size16_both_models/source_resnet50_geirhos_tl/size_32/s_fish_4/top10_clusters.jsonl,/home/hschatzle/data/storage-occ-v2/repos/monte-carlo-selection/data/cases/generated_from_best_occluders/s_fish_4/resnet50_geirhos_tl/size_32/generated/shapes_xy.npz,/home/hschatzle/data/storage-occ-v2/repos/monte-carlo-selection/data/cases/generated_from_best_occluders/s_fish_4/resnet50_geirhos_tl/size_32/generated/source_occluder_config.json,/home/hschatzle/data/storage-occ-v2/repos/monte-carlo-selection/results/occlusion/representative_shape_plots_size32/shape_s_fish_4_representative.png,ok,
s_fish_500,shape,resnet50_geirhos_tl,1.0,34.0,0,3181.0,3181.0,0.999999999975131,25.0,256.0,/home/hschatzle/data/storage-occ-v2/repos/monte-carlo-selection/results/occlusion/bgmm_generated_size16_both_models/source_resnet50_geirhos_tl/size_32/s_fish_500/top10_clusters.jsonl,/home/hschatzle/data/storage-occ-v2/repos/monte-carlo-selection/data/cases/generated_from_best_occluders/s_fish_500/resnet50_geirhos_tl/size_32/generated/shapes_xy.npz,/home/hschatzle/data/storage-occ-v2/repos/monte-carlo-selection/data/cases/generated_from_best_occluders/s_fish_500/resnet50_geirhos_tl/size_32/generated/source_occluder_config.json,/home/hschatzle/data/storage-occ-v2/repos/monte-carlo-selection/results/occlusion/representative_shape_plots_size32/shape_s_fish_500_representative.png,ok,
s_fish_600,shape,resnet50_geirhos_tl,1.0,11.0,0,5925.0,5925.0,0.9999999999999859,25.0,256.0,/home/hschatzle/data/storage-occ-v2/repos/monte-carlo-selection/results/occlusion/bgmm_generated_size16_both_models/source_resnet50_geirhos_tl/size_32/s_fish_600/top10_clusters.jsonl,/home/hschatzle/data/storage-occ-v2/repos/monte-carlo-selection/data/cases/generated_from_best_occluders/s_fish_600/resnet50_geirhos_tl/size_32/generated/shapes_xy.npz,/home/hschatzle/data/storage-occ-v2/repos/monte-carlo-selection/data/cases/generated_from_best_occluders/s_fish_600/resnet50_geirhos_tl/size_32/generated/source_occluder_config.json,/home/hschatzle/data/storage-occ-v2/repos/monte-carlo-selection/results/occlusion/representative_shape_plots_size32/shape_s_fish_600_representative.png,ok,
s_fish_700,shape,resnet50_geirhos_tl,1.0,4.0,0,4654.0,4654.0,0.1405708001623372,25.0,256.0,/home/hschatzle/data/storage-occ-v2/repos/monte-carlo-selection/results/occlusion/bgmm_generated_size16_both_models/source_resnet50_geirhos_tl/size_32/s_fish_700/top10_clusters.jsonl,/home/hschatzle/data/storage-occ-v2/repos/monte-carlo-selection/data/cases/generated_from_best_occluders/s_fish_700/resnet50_geirhos_tl/size_32/generated/shapes_xy.npz,/home/hschatzle/data/storage-occ-v2/repos/monte-carlo-selection/data/cases/generated_from_best_occluders/s_fish_700/resnet50_geirhos_tl/size_32/generated/source_occluder_config.json,/home/hschatzle/data/storage-occ-v2/repos/monte-carlo-selection/results/occlusion/representative_shape_plots_size32/shape_s_fish_700_representative.png,ok,
s_fish_800,shape,resnet50_geirhos_tl,1.0,19.0,0,4962.0,4962.0,1.0,25.0,256.0,/home/hschatzle/data/storage-occ-v2/repos/monte-carlo-selection/results/occlusion/bgmm_generated_size16_both_models/source_resnet50_geirhos_tl/size_32/s_fish_800/top10_clusters.jsonl,/home/hschatzle/data/storage-occ-v2/repos/monte-carlo-selection/data/cases/generated_from_best_occluders/s_fish_800/resnet50_geirhos_tl/size_32/generated/shapes_xy.npz,/home/hschatzle/data/storage-occ-v2/repos/monte-carlo-selection/data/cases/generated_from_best_occluders/s_fish_800/resnet50_geirhos_tl/size_32/generated/source_occluder_config.json,/home/hschatzle/data/storage-occ-v2/repos/monte-carlo-selection/results/occlusion/representative_shape_plots_size32/shape_s_fish_800_representative.png,ok,
s_fish_900,shape,resnet50_geirhos_tl,1.0,40.0,0,2444.0,2444.0,1.0,25.0,256.0,/home/hschatzle/data/storage-occ-v2/repos/monte-carlo-selection/results/occlusion/bgmm_generated_size16_both_models/source_resnet50_geirhos_tl/size_32/s_fish_900/top10_clusters.jsonl,/home/hschatzle/data/storage-occ-v2/repos/monte-carlo-selection/data/cases/generated_from_best_occluders/s_fish_900/resnet50_geirhos_tl/size_32/generated/shapes_xy.npz,/home/hschatzle/data/storage-occ-v2/repos/monte-carlo-selection/data/cases/generated_from_best_occluders/s_fish_900/resnet50_geirhos_tl/size_32/generated/source_occluder_config.json,/home/hschatzle/data/storage-occ-v2/repos/monte-carlo-selection/results/occlusion/representative_shape_plots_size32/shape_s_fish_900_representative.png,ok,
s_oyster_350,shape,resnet50_geirhos_tl,1.0,51.0,0,4460.0,4460.0,0.746669660634221,25.0,256.0,/home/hschatzle/data/storage-occ-v2/repos/monte-carlo-selection/results/occlusion/bgmm_generated_size16_both_models/source_resnet50_geirhos_tl/size_32/s_oyster_350/top10_clusters.jsonl,/home/hschatzle/data/storage-occ-v2/repos/monte-carlo-selection/data/cases/generated_from_best_occluders/s_oyster_350/resnet50_geirhos_tl/size_32/generated/shapes_xy.npz,/home/hschatzle/data/storage-occ-v2/repos/monte-carlo-selection/data/cases/generated_from_best_occluders/s_oyster_350/resnet50_geirhos_tl/size_32/generated/source_occluder_config.json,/home/hschatzle/data/storage-occ-v2/repos/monte-carlo-selection/results/occlusion/representative_shape_plots_size32/shape_s_oyster_350_representative.png,ok,
s_oyster_4,shape,resnet50_geirhos_tl,1.0,11.0,0,6267.0,6267.0,0.9999999999914736,25.0,256.0,/home/hschatzle/data/storage-occ-v2/repos/monte-carlo-selection/results/occlusion/bgmm_generated_size16_both_models/source_resnet50_geirhos_tl/size_32/s_oyster_4/top10_clusters.jsonl,/home/hschatzle/data/storage-occ-v2/repos/monte-carlo-selection/data/cases/generated_from_best_occluders/s_oyster_4/resnet50_geirhos_tl/size_32/generated/shapes_xy.npz,/home/hschatzle/data/storage-occ-v2/repos/monte-carlo-selection/data/cases/generated_from_best_occluders/s_oyster_4/resnet50_geirhos_tl/size_32/generated/source_occluder_config.json,/home/hschatzle/data/storage-occ-v2/repos/monte-carlo-selection/results/occlusion/representative_shape_plots_size32/shape_s_oyster_4_representative.png,ok,
ns_cow_202,texture,resnet50_tl_20250829,1.0,18.0,0,3428.0,3428.0,0.5550945981988832,25.0,256.0,/home/hschatzle/data/storage-occ-v2/repos/monte-carlo-selection/results/occlusion/bgmm_generated_size16_both_models/source_resnet50_tl_20250829/size_32/ns_cow_202/top10_clusters.jsonl,/home/hschatzle/data/storage-occ-v2/repos/monte-carlo-selection/data/cases/generated_from_best_occluders/ns_cow_202/resnet50_tl_20250829/size_32/generated/shapes_xy.npz,/home/hschatzle/data/storage-occ-v2/repos/monte-carlo-selection/data/cases/generated_from_best_occluders/ns_cow_202/resnet50_tl_20250829/size_32/generated/source_occluder_config.json,/home/hschatzle/data/storage-occ-v2/repos/monte-carlo-selection/results/occlusion/representative_shape_plots_size32/texture_ns_cow_202_representative.png,ok,
ns_cow_205,texture,resnet50_tl_20250829,1.0,0.0,0,2352.0,2352.0,0.01997621428679122,25.0,256.0,/home/hschatzle/data/storage-occ-v2/repos/monte-carlo-selection/results/occlusion/bgmm_generated_size16_both_models/source_resnet50_tl_20250829/size_32/ns_cow_205/top10_clusters.jsonl,/home/hschatzle/data/storage-occ-v2/repos/monte-carlo-selection/data/cases/generated_from_best_occluders/ns_cow_205/resnet50_tl_20250829/size_32/generated/shapes_xy.npz,/home/hschatzle/data/storage-occ-v2/repos/monte-carlo-selection/data/cases/generated_from_best_occluders/ns_cow_205/resnet50_tl_20250829/size_32/generated/source_occluder_config.json,/home/hschatzle/data/storage-occ-v2/repos/monte-carlo-selection/results/occlusion/representative_shape_plots_size32/texture_ns_cow_205_representative.png,ok,
ns_cow_350,texture,resnet50_tl_20250829,1.0,7.0,0,4252.0,4252.0,0.9999572749566201,25.0,256.0,/home/hschatzle/data/storage-occ-v2/repos/monte-carlo-selection/results/occlusion/bgmm_generated_size16_both_models/source_resnet50_tl_20250829/size_32/ns_cow_350/top10_clusters.jsonl,/home/hschatzle/data/storage-occ-v2/repos/monte-carlo-selection/data/cases/generated_from_best_occluders/ns_cow_350/resnet50_tl_20250829/size_32/generated/shapes_xy.npz,/home/hschatzle/data/storage-occ-v2/repos/monte-carlo-selection/data/cases/generated_from_best_occluders/ns_cow_350/resnet50_tl_20250829/size_32/generated/source_occluder_config.json,/home/hschatzle/data/storage-occ-v2/repos/monte-carlo-selection/results/occlusion/representative_shape_plots_size32/texture_ns_cow_350_representative.png,ok,
ns_cow_510,texture,resnet50_tl_20250829,1.0,65.0,0,833.0,833.0,0.996670728058876,25.0,256.0,/home/hschatzle/data/storage-occ-v2/repos/monte-carlo-selection/results/occlusion/bgmm_generated_size16_both_models/source_resnet50_tl_20250829/size_32/ns_cow_510/top10_clusters.jsonl,/home/hschatzle/data/storage-occ-v2/repos/monte-carlo-selection/data/cases/generated_from_best_occluders/ns_cow_510/resnet50_tl_20250829/size_32/generated/shapes_xy.npz,/home/hschatzle/data/storage-occ-v2/repos/monte-carlo-selection/data/cases/generated_from_best_occluders/ns_cow_510/resnet50_tl_20250829/size_32/generated/source_occluder_config.json,/home/hschatzle/data/storage-occ-v2/repos/monte-carlo-selection/results/occlusion/representative_shape_plots_size32/texture_ns_cow_510_representative.png,ok,
ns_cow_780,texture,resnet50_tl_20250829,1.0,1.0,0,6.0,6.0,0.9962464807764724,25.0,256.0,/home/hschatzle/data/storage-occ-v2/repos/monte-carlo-selection/results/occlusion/bgmm_generated_size16_both_models/source_resnet50_tl_20250829/size_32/ns_cow_780/top10_clusters.jsonl,/home/hschatzle/data/storage-occ-v2/repos/monte-carlo-selection/data/cases/generated_from_best_occluders/ns_cow_780/resnet50_tl_20250829/size_32/generated/shapes_xy.npz,/home/hschatzle/data/storage-occ-v2/repos/monte-carlo-selection/data/cases/generated_from_best_occluders/ns_cow_780/resnet50_tl_20250829/size_32/generated/source_occluder_config.json,/home/hschatzle/data/storage-occ-v2/repos/monte-carlo-selection/results/occlusion/representative_shape_plots_size32/texture_ns_cow_780_representative.png,ok,
ns_dog_105,texture,resnet50_tl_20250829,1.0,0.0,0,6383.0,6383.0,0.0179632168533957,25.0,256.0,/home/hschatzle/data/storage-occ-v2/repos/monte-carlo-selection/results/occlusion/bgmm_generated_size16_both_models/source_resnet50_tl_20250829/size_32/ns_dog_105/top10_clusters.jsonl,/home/hschatzle/data/storage-occ-v2/repos/monte-carlo-selection/data/cases/generated_from_best_occluders/ns_dog_105/resnet50_tl_20250829/size_32/generated/shapes_xy.npz,/home/hschatzle/data/storage-occ-v2/repos/monte-carlo-selection/data/cases/generated_from_best_occluders/ns_dog_105/resnet50_tl_20250829/size_32/generated/source_occluder_config.json,/home/hschatzle/data/storage-occ-v2/repos/monte-carlo-selection/results/occlusion/representative_shape_plots_size32/texture_ns_dog_105_representative.png,ok,
ns_dog_214,texture,resnet50_tl_20250829,1.0,0.0,0,4966.0,4966.0,0.022345807176104685,25.0,256.0,/home/hschatzle/data/storage-occ-v2/repos/monte-carlo-selection/results/occlusion/bgmm_generated_size16_both_models/source_resnet50_tl_20250829/size_32/ns_dog_214/top10_clusters.jsonl,/home/hschatzle/data/storage-occ-v2/repos/monte-carlo-selection/data/cases/generated_from_best_occluders/ns_dog_214/resnet50_tl_20250829/size_32/generated/shapes_xy.npz,/home/hschatzle/data/storage-occ-v2/repos/monte-carlo-selection/data/cases/generated_from_best_occluders/ns_dog_214/resnet50_tl_20250829/size_32/generated/source_occluder_config.json,/home/hschatzle/data/storage-occ-v2/repos/monte-carlo-selection/results/occlusion/representative_shape_plots_size32/texture_ns_dog_214_representative.png,ok,
ns_dog_350,texture,resnet50_tl_20250829,1.0,10.0,0,1.0,1.0,0.990837646947187,25.0,256.0,/home/hschatzle/data/storage-occ-v2/repos/monte-carlo-selection/results/occlusion/bgmm_generated_size16_both_models/source_resnet50_tl_20250829/size_32/ns_dog_350/top10_clusters.jsonl,/home/hschatzle/data/storage-occ-v2/repos/monte-carlo-selection/data/cases/generated_from_best_occluders/ns_dog_350/resnet50_tl_20250829/size_32/generated/shapes_xy.npz,/home/hschatzle/data/storage-occ-v2/repos/monte-carlo-selection/data/cases/generated_from_best_occluders/ns_dog_350/resnet50_tl_20250829/size_32/generated/source_occluder_config.json,/home/hschatzle/data/storage-occ-v2/repos/monte-carlo-selection/results/occlusion/representative_shape_plots_size32/texture_ns_dog_350_representative.png,ok,
ns_dog_69,texture,resnet50_tl_20250829,1.0,19.0,0,2906.0,2906.0,0.46480621459399685,25.0,256.0,/home/hschatzle/data/storage-occ-v2/repos/monte-carlo-selection/results/occlusion/bgmm_generated_size16_both_models/source_resnet50_tl_20250829/size_32/ns_dog_69/top10_clusters.jsonl,/home/hschatzle/data/storage-occ-v2/repos/monte-carlo-selection/data/cases/generated_from_best_occluders/ns_dog_69/resnet50_tl_20250829/size_32/generated/shapes_xy.npz,/home/hschatzle/data/storage-occ-v2/repos/monte-carlo-selection/data/cases/generated_from_best_occluders/ns_dog_69/resnet50_tl_20250829/size_32/generated/source_occluder_config.json,/home/hschatzle/data/storage-occ-v2/repos/monte-carlo-selection/results/occlusion/representative_shape_plots_size32/texture_ns_dog_69_representative.png,ok,
ns_dog_780,texture,resnet50_tl_20250829,,,0,,,,,,/home/hschatzle/data/storage-occ-v2/repos/monte-carlo-selection/results/occlusion/bgmm_generated_size16_both_models/source_resnet50_tl_20250829/size_32/ns_dog_780/top10_clusters.jsonl,,,,failed,Missing shapes_xy.npz: /home/hschatzle/data/storage-occ-v2/repos/monte-carlo-selection/data/cases/generated_from_best_occluders/ns_dog_780/resnet50_tl_20250829/size_32/generated/shapes_xy.npz
ns_elephant_100,texture,resnet50_tl_20250829,1.0,40.0,0,3611.0,3611.0,0.9999999999998153,25.0,256.0,/home/hschatzle/data/storage-occ-v2/repos/monte-carlo-selection/results/occlusion/bgmm_generated_size16_both_models/source_resnet50_tl_20250829/size_32/ns_elephant_100/top10_clusters.jsonl,/home/hschatzle/data/storage-occ-v2/repos/monte-carlo-selection/data/cases/generated_from_best_occluders/ns_elephant_100/resnet50_tl_20250829/size_32/generated/shapes_xy.npz,/home/hschatzle/data/storage-occ-v2/repos/monte-carlo-selection/data/cases/generated_from_best_occluders/ns_elephant_100/resnet50_tl_20250829/size_32/generated/source_occluder_config.json,/home/hschatzle/data/storage-occ-v2/repos/monte-carlo-selection/results/occlusion/representative_shape_plots_size32/texture_ns_elephant_100_representative.png,ok,
ns_elephant_109,texture,resnet50_tl_20250829,1.0,20.0,0,8644.0,8644.0,0.5004787451617335,25.0,256.0,/home/hschatzle/data/storage-occ-v2/repos/monte-carlo-selection/results/occlusion/bgmm_generated_size16_both_models/source_resnet50_tl_20250829/size_32/ns_elephant_109/top10_clusters.jsonl,/home/hschatzle/data/storage-occ-v2/repos/monte-carlo-selection/data/cases/generated_from_best_occluders/ns_elephant_109/resnet50_tl_20250829/size_32/generated/shapes_xy.npz,/home/hschatzle/data/storage-occ-v2/repos/monte-carlo-selection/data/cases/generated_from_best_occluders/ns_elephant_109/resnet50_tl_20250829/size_32/generated/source_occluder_config.json,/home/hschatzle/data/storage-occ-v2/repos/monte-carlo-selection/results/occlusion/representative_shape_plots_size32/texture_ns_elephant_109_representative.png,ok,
ns_elephant_350,texture,resnet50_tl_20250829,1.0,21.0,0,4659.0,4659.0,0.5101461628582267,25.0,256.0,/home/hschatzle/data/storage-occ-v2/repos/monte-carlo-selection/results/occlusion/bgmm_generated_size16_both_models/source_resnet50_tl_20250829/size_32/ns_elephant_350/top10_clusters.jsonl,/home/hschatzle/data/storage-occ-v2/repos/monte-carlo-selection/data/cases/generated_from_best_occluders/ns_elephant_350/resnet50_tl_20250829/size_32/generated/shapes_xy.npz,/home/hschatzle/data/storage-occ-v2/repos/monte-carlo-selection/data/cases/generated_from_best_occluders/ns_elephant_350/resnet50_tl_20250829/size_32/generated/source_occluder_config.json,/home/hschatzle/data/storage-occ-v2/repos/monte-carlo-selection/results/occlusion/representative_shape_plots_size32/texture_ns_elephant_350_representative.png,ok,
ns_elephant_47,texture,resnet50_tl_20250829,1.0,36.0,0,8890.0,8890.0,0.8655890703709204,25.0,256.0,/home/hschatzle/data/storage-occ-v2/repos/monte-carlo-selection/results/occlusion/bgmm_generated_size16_both_models/source_resnet50_tl_20250829/size_32/ns_elephant_47/top10_clusters.jsonl,/home/hschatzle/data/storage-occ-v2/repos/monte-carlo-selection/data/cases/generated_from_best_occluders/ns_elephant_47/resnet50_tl_20250829/size_32/generated/shapes_xy.npz,/home/hschatzle/data/storage-occ-v2/repos/monte-carlo-selection/data/cases/generated_from_best_occluders/ns_elephant_47/resnet50_tl_20250829/size_32/generated/source_occluder_config.json,/home/hschatzle/data/storage-occ-v2/repos/monte-carlo-selection/results/occlusion/representative_shape_plots_size32/texture_ns_elephant_47_representative.png,ok,
ns_elephant_780,texture,resnet50_tl_20250829,1.0,5.0,0,17.0,17.0,0.7680298149499396,25.0,256.0,/home/hschatzle/data/storage-occ-v2/repos/monte-carlo-selection/results/occlusion/bgmm_generated_size16_both_models/source_resnet50_tl_20250829/size_32/ns_elephant_780/top10_clusters.jsonl,/home/hschatzle/data/storage-occ-v2/repos/monte-carlo-selection/data/cases/generated_from_best_occluders/ns_elephant_780/resnet50_tl_20250829/size_32/generated/shapes_xy.npz,/home/hschatzle/data/storage-occ-v2/repos/monte-carlo-selection/data/cases/generated_from_best_occluders/ns_elephant_780/resnet50_tl_20250829/size_32/generated/source_occluder_config.json,/home/hschatzle/data/storage-occ-v2/repos/monte-carlo-selection/results/occlusion/representative_shape_plots_size32/texture_ns_elephant_780_representative.png,ok,
ns_lion_350,texture,resnet50_tl_20250829,1.0,50.0,0,4335.0,4335.0,0.9999735820068733,25.0,256.0,/home/hschatzle/data/storage-occ-v2/repos/monte-carlo-selection/results/occlusion/bgmm_generated_size16_both_models/source_resnet50_tl_20250829/size_32/ns_lion_350/top10_clusters.jsonl,/home/hschatzle/data/storage-occ-v2/repos/monte-carlo-selection/data/cases/generated_from_best_occluders/ns_lion_350/resnet50_tl_20250829/size_32/generated/shapes_xy.npz,/home/hschatzle/data/storage-occ-v2/repos/monte-carlo-selection/data/cases/generated_from_best_occluders/ns_lion_350/resnet50_tl_20250829/size_32/generated/source_occluder_config.json,/home/hschatzle/data/storage-occ-v2/repos/monte-carlo-selection/results/occlusion/representative_shape_plots_size32/texture_ns_lion_350_representative.png,ok,
ns_lion_560,texture,resnet50_tl_20250829,1.0,2.0,0,1144.0,1144.0,0.16186265111416992,25.0,256.0,/home/hschatzle/data/storage-occ-v2/repos/monte-carlo-selection/results/occlusion/bgmm_generated_size16_both_models/source_resnet50_tl_20250829/size_32/ns_lion_560/top10_clusters.jsonl,/home/hschatzle/data/storage-occ-v2/repos/monte-carlo-selection/data/cases/generated_from_best_occluders/ns_lion_560/resnet50_tl_20250829/size_32/generated/shapes_xy.npz,/home/hschatzle/data/storage-occ-v2/repos/monte-carlo-selection/data/cases/generated_from_best_occluders/ns_lion_560/resnet50_tl_20250829/size_32/generated/source_occluder_config.json,/home/hschatzle/data/storage-occ-v2/repos/monte-carlo-selection/results/occlusion/representative_shape_plots_size32/texture_ns_lion_560_representative.png,ok,
ns_lion_650,texture,resnet50_tl_20250829,1.0,69.0,0,847.0,847.0,0.9994155755664165,25.0,256.0,/home/hschatzle/data/storage-occ-v2/repos/monte-carlo-selection/results/occlusion/bgmm_generated_size16_both_models/source_resnet50_tl_20250829/size_32/ns_lion_650/top10_clusters.jsonl,/home/hschatzle/data/storage-occ-v2/repos/monte-carlo-selection/data/cases/generated_from_best_occluders/ns_lion_650/resnet50_tl_20250829/size_32/generated/shapes_xy.npz,/home/hschatzle/data/storage-occ-v2/repos/monte-carlo-selection/data/cases/generated_from_best_occluders/ns_lion_650/resnet50_tl_20250829/size_32/generated/source_occluder_config.json,/home/hschatzle/data/storage-occ-v2/repos/monte-carlo-selection/results/occlusion/representative_shape_plots_size32/texture_ns_lion_650_representative.png,ok,
ns_lion_780,texture,resnet50_tl_20250829,1.0,10.0,0,15.0,15.0,0.9846995227395947,25.0,256.0,/home/hschatzle/data/storage-occ-v2/repos/monte-carlo-selection/results/occlusion/bgmm_generated_size16_both_models/source_resnet50_tl_20250829/size_32/ns_lion_780/top10_clusters.jsonl,/home/hschatzle/data/storage-occ-v2/repos/monte-carlo-selection/data/cases/generated_from_best_occluders/ns_lion_780/resnet50_tl_20250829/size_32/generated/shapes_xy.npz,/home/hschatzle/data/storage-occ-v2/repos/monte-carlo-selection/data/cases/generated_from_best_occluders/ns_lion_780/resnet50_tl_20250829/size_32/generated/source_occluder_config.json,/home/hschatzle/data/storage-occ-v2/repos/monte-carlo-selection/results/occlusion/representative_shape_plots_size32/texture_ns_lion_780_representative.png,ok,
ns_lion_801,texture,resnet50_tl_20250829,1.0,20.0,0,627.0,627.0,0.9991256462053337,25.0,256.0,/home/hschatzle/data/storage-occ-v2/repos/monte-carlo-selection/results/occlusion/bgmm_generated_size16_both_models/source_resnet50_tl_20250829/size_32/ns_lion_801/top10_clusters.jsonl,/home/hschatzle/data/storage-occ-v2/repos/monte-carlo-selection/data/cases/generated_from_best_occluders/ns_lion_801/resnet50_tl_20250829/size_32/generated/shapes_xy.npz,/home/hschatzle/data/storage-occ-v2/repos/monte-carlo-selection/data/cases/generated_from_best_occluders/ns_lion_801/resnet50_tl_20250829/size_32/generated/source_occluder_config.json,/home/hschatzle/data/storage-occ-v2/repos/monte-carlo-selection/results/occlusion/representative_shape_plots_size32/texture_ns_lion_801_representative.png,ok,
s_bird_111,texture,resnet50_tl_20250829,1.0,0.0,0,1617.0,1617.0,0.0170849848583327,25.0,256.0,/home/hschatzle/data/storage-occ-v2/repos/monte-carlo-selection/results/occlusion/bgmm_generated_size16_both_models/source_resnet50_tl_20250829/size_32/s_bird_111/top10_clusters.jsonl,/home/hschatzle/data/storage-occ-v2/repos/monte-carlo-selection/data/cases/generated_from_best_occluders/s_bird_111/resnet50_tl_20250829/size_32/generated/shapes_xy.npz,/home/hschatzle/data/storage-occ-v2/repos/monte-carlo-selection/data/cases/generated_from_best_occluders/s_bird_111/resnet50_tl_20250829/size_32/generated/source_occluder_config.json,/home/hschatzle/data/storage-occ-v2/repos/monte-carlo-selection/results/occlusion/representative_shape_plots_size32/texture_s_bird_111_representative.png,ok,
s_bird_117,texture,resnet50_tl_20250829,1.0,0.0,0,925.0,925.0,0.019441363853864538,25.0,256.0,/home/hschatzle/data/storage-occ-v2/repos/monte-carlo-selection/results/occlusion/bgmm_generated_size16_both_models/source_resnet50_tl_20250829/size_32/s_bird_117/top10_clusters.jsonl,/home/hschatzle/data/storage-occ-v2/repos/monte-carlo-selection/data/cases/generated_from_best_occluders/s_bird_117/resnet50_tl_20250829/size_32/generated/shapes_xy.npz,/home/hschatzle/data/storage-occ-v2/repos/monte-carlo-selection/data/cases/generated_from_best_occluders/s_bird_117/resnet50_tl_20250829/size_32/generated/source_occluder_config.json,/home/hschatzle/data/storage-occ-v2/repos/monte-carlo-selection/results/occlusion/representative_shape_plots_size32/texture_s_bird_117_representative.png,ok,
s_bird_132,texture,resnet50_tl_20250829,1.0,26.0,0,1853.0,1853.0,0.6513226157458283,25.0,256.0,/home/hschatzle/data/storage-occ-v2/repos/monte-carlo-selection/results/occlusion/bgmm_generated_size16_both_models/source_resnet50_tl_20250829/size_32/s_bird_132/top10_clusters.jsonl,/home/hschatzle/data/storage-occ-v2/repos/monte-carlo-selection/data/cases/generated_from_best_occluders/s_bird_132/resnet50_tl_20250829/size_32/generated/shapes_xy.npz,/home/hschatzle/data/storage-occ-v2/repos/monte-carlo-selection/data/cases/generated_from_best_occluders/s_bird_132/resnet50_tl_20250829/size_32/generated/source_occluder_config.json,/home/hschatzle/data/storage-occ-v2/repos/monte-carlo-selection/results/occlusion/representative_shape_plots_size32/texture_s_bird_132_representative.png,ok,
s_bird_136,texture,resnet50_tl_20250829,1.0,7.0,0,2375.0,2375.0,0.24645987763854255,25.0,256.0,/home/hschatzle/data/storage-occ-v2/repos/monte-carlo-selection/results/occlusion/bgmm_generated_size16_both_models/source_resnet50_tl_20250829/size_32/s_bird_136/top10_clusters.jsonl,/home/hschatzle/data/storage-occ-v2/repos/monte-carlo-selection/data/cases/generated_from_best_occluders/s_bird_136/resnet50_tl_20250829/size_32/generated/shapes_xy.npz,/home/hschatzle/data/storage-occ-v2/repos/monte-carlo-selection/data/cases/generated_from_best_occluders/s_bird_136/resnet50_tl_20250829/size_32/generated/source_occluder_config.json,/home/hschatzle/data/storage-occ-v2/repos/monte-carlo-selection/results/occlusion/representative_shape_plots_size32/texture_s_bird_136_representative.png,ok,
s_bird_137,texture,resnet50_tl_20250829,1.0,0.0,0,5146.0,5146.0,0.012932921982272314,25.0,256.0,/home/hschatzle/data/storage-occ-v2/repos/monte-carlo-selection/results/occlusion/bgmm_generated_size16_both_models/source_resnet50_tl_20250829/size_32/s_bird_137/top10_clusters.jsonl,/home/hschatzle/data/storage-occ-v2/repos/monte-carlo-selection/data/cases/generated_from_best_occluders/s_bird_137/resnet50_tl_20250829/size_32/generated/shapes_xy.npz,/home/hschatzle/data/storage-occ-v2/repos/monte-carlo-selection/data/cases/generated_from_best_occluders/s_bird_137/resnet50_tl_20250829/size_32/generated/source_occluder_config.json,/home/hschatzle/data/storage-occ-v2/repos/monte-carlo-selection/results/occlusion/representative_shape_plots_size32/texture_s_bird_137_representative.png,ok,
s_bird_212,texture,resnet50_tl_20250829,1.0,22.0,0,2823.0,2823.0,0.9808295252103778,25.0,256.0,/home/hschatzle/data/storage-occ-v2/repos/monte-carlo-selection/results/occlusion/bgmm_generated_size16_both_models/source_resnet50_tl_20250829/size_32/s_bird_212/top10_clusters.jsonl,/home/hschatzle/data/storage-occ-v2/repos/monte-carlo-selection/data/cases/generated_from_best_occluders/s_bird_212/resnet50_tl_20250829/size_32/generated/shapes_xy.npz,/home/hschatzle/data/storage-occ-v2/repos/monte-carlo-selection/data/cases/generated_from_best_occluders/s_bird_212/resnet50_tl_20250829/size_32/generated/source_occluder_config.json,/home/hschatzle/data/storage-occ-v2/repos/monte-carlo-selection/results/occlusion/representative_shape_plots_size32/texture_s_bird_212_representative.png,ok,
s_bird_350,texture,resnet50_tl_20250829,1.0,45.0,0,7887.0,7887.0,0.988277235907706,25.0,256.0,/home/hschatzle/data/storage-occ-v2/repos/monte-carlo-selection/results/occlusion/bgmm_generated_size16_both_models/source_resnet50_tl_20250829/size_32/s_bird_350/top10_clusters.jsonl,/home/hschatzle/data/storage-occ-v2/repos/monte-carlo-selection/data/cases/generated_from_best_occluders/s_bird_350/resnet50_tl_20250829/size_32/generated/shapes_xy.npz,/home/hschatzle/data/storage-occ-v2/repos/monte-carlo-selection/data/cases/generated_from_best_occluders/s_bird_350/resnet50_tl_20250829/size_32/generated/source_occluder_config.json,/home/hschatzle/data/storage-occ-v2/repos/monte-carlo-selection/results/occlusion/representative_shape_plots_size32/texture_s_bird_350_representative.png,ok,
s_butterfly_11,texture,resnet50_tl_20250829,1.0,25.0,0,7686.0,7686.0,1.0,25.0,256.0,/home/hschatzle/data/storage-occ-v2/repos/monte-carlo-selection/results/occlusion/bgmm_generated_size16_both_models/source_resnet50_tl_20250829/size_32/s_butterfly_11/top10_clusters.jsonl,/home/hschatzle/data/storage-occ-v2/repos/monte-carlo-selection/data/cases/generated_from_best_occluders/s_butterfly_11/resnet50_tl_20250829/size_32/generated/shapes_xy.npz,/home/hschatzle/data/storage-occ-v2/repos/monte-carlo-selection/data/cases/generated_from_best_occluders/s_butterfly_11/resnet50_tl_20250829/size_32/generated/source_occluder_config.json,/home/hschatzle/data/storage-occ-v2/repos/monte-carlo-selection/results/occlusion/representative_shape_plots_size32/texture_s_butterfly_11_representative.png,ok,
s_butterfly_144,texture,resnet50_tl_20250829,1.0,1.0,0,9135.0,9135.0,0.03585480146605141,25.0,256.0,/home/hschatzle/data/storage-occ-v2/repos/monte-carlo-selection/results/occlusion/bgmm_generated_size16_both_models/source_resnet50_tl_20250829/size_32/s_butterfly_144/top10_clusters.jsonl,/home/hschatzle/data/storage-occ-v2/repos/monte-carlo-selection/data/cases/generated_from_best_occluders/s_butterfly_144/resnet50_tl_20250829/size_32/generated/shapes_xy.npz,/home/hschatzle/data/storage-occ-v2/repos/monte-carlo-selection/data/cases/generated_from_best_occluders/s_butterfly_144/resnet50_tl_20250829/size_32/generated/source_occluder_config.json,/home/hschatzle/data/storage-occ-v2/repos/monte-carlo-selection/results/occlusion/representative_shape_plots_size32/texture_s_butterfly_144_representative.png,ok,
s_butterfly_350,texture,resnet50_tl_20250829,1.0,4.0,0,23.0,23.0,0.9958700912737138,25.0,256.0,/home/hschatzle/data/storage-occ-v2/repos/monte-carlo-selection/results/occlusion/bgmm_generated_size16_both_models/source_resnet50_tl_20250829/size_32/s_butterfly_350/top10_clusters.jsonl,/home/hschatzle/data/storage-occ-v2/repos/monte-carlo-selection/data/cases/generated_from_best_occluders/s_butterfly_350/resnet50_tl_20250829/size_32/generated/shapes_xy.npz,/home/hschatzle/data/storage-occ-v2/repos/monte-carlo-selection/data/cases/generated_from_best_occluders/s_butterfly_350/resnet50_tl_20250829/size_32/generated/source_occluder_config.json,/home/hschatzle/data/storage-occ-v2/repos/monte-carlo-selection/results/occlusion/representative_shape_plots_size32/texture_s_butterfly_350_representative.png,ok,
s_butterfly_560,texture,resnet50_tl_20250829,1.0,4.0,0,7405.0,7405.0,0.06062379912496224,25.0,256.0,/home/hschatzle/data/storage-occ-v2/repos/monte-carlo-selection/results/occlusion/bgmm_generated_size16_both_models/source_resnet50_tl_20250829/size_32/s_butterfly_560/top10_clusters.jsonl,/home/hschatzle/data/storage-occ-v2/repos/monte-carlo-selection/data/cases/generated_from_best_occluders/s_butterfly_560/resnet50_tl_20250829/size_32/generated/shapes_xy.npz,/home/hschatzle/data/storage-occ-v2/repos/monte-carlo-selection/data/cases/generated_from_best_occluders/s_butterfly_560/resnet50_tl_20250829/size_32/generated/source_occluder_config.json,/home/hschatzle/data/storage-occ-v2/repos/monte-carlo-selection/results/occlusion/representative_shape_plots_size32/texture_s_butterfly_560_representative.png,ok,
s_fish_350,texture,resnet50_tl_20250829,1.0,3.0,0,431.0,431.0,0.9999999835169435,25.0,256.0,/home/hschatzle/data/storage-occ-v2/repos/monte-carlo-selection/results/occlusion/bgmm_generated_size16_both_models/source_resnet50_tl_20250829/size_32/s_fish_350/top10_clusters.jsonl,/home/hschatzle/data/storage-occ-v2/repos/monte-carlo-selection/data/cases/generated_from_best_occluders/s_fish_350/resnet50_tl_20250829/size_32/generated/shapes_xy.npz,/home/hschatzle/data/storage-occ-v2/repos/monte-carlo-selection/data/cases/generated_from_best_occluders/s_fish_350/resnet50_tl_20250829/size_32/generated/source_occluder_config.json,/home/hschatzle/data/storage-occ-v2/repos/monte-carlo-selection/results/occlusion/representative_shape_plots_size32/texture_s_fish_350_representative.png,ok,
s_fish_4,texture,resnet50_tl_20250829,1.0,76.0,0,8066.0,8066.0,1.0,25.0,256.0,/home/hschatzle/data/storage-occ-v2/repos/monte-carlo-selection/results/occlusion/bgmm_generated_size16_both_models/source_resnet50_tl_20250829/size_32/s_fish_4/top10_clusters.jsonl,/home/hschatzle/data/storage-occ-v2/repos/monte-carlo-selection/data/cases/generated_from_best_occluders/s_fish_4/resnet50_tl_20250829/size_32/generated/shapes_xy.npz,/home/hschatzle/data/storage-occ-v2/repos/monte-carlo-selection/data/cases/generated_from_best_occluders/s_fish_4/resnet50_tl_20250829/size_32/generated/source_occluder_config.json,/home/hschatzle/data/storage-occ-v2/repos/monte-carlo-selection/results/occlusion/representative_shape_plots_size32/texture_s_fish_4_representative.png,ok,
s_fish_500,texture,resnet50_tl_20250829,1.0,40.0,0,1058.0,1058.0,0.9944225460054951,25.0,256.0,/home/hschatzle/data/storage-occ-v2/repos/monte-carlo-selection/results/occlusion/bgmm_generated_size16_both_models/source_resnet50_tl_20250829/size_32/s_fish_500/top10_clusters.jsonl,/home/hschatzle/data/storage-occ-v2/repos/monte-carlo-selection/data/cases/generated_from_best_occluders/s_fish_500/resnet50_tl_20250829/size_32/generated/shapes_xy.npz,/home/hschatzle/data/storage-occ-v2/repos/monte-carlo-selection/data/cases/generated_from_best_occluders/s_fish_500/resnet50_tl_20250829/size_32/generated/source_occluder_config.json,/home/hschatzle/data/storage-occ-v2/repos/monte-carlo-selection/results/occlusion/representative_shape_plots_size32/texture_s_fish_500_representative.png,ok,
s_fish_600,texture,resnet50_tl_20250829,1.0,1.0,0,7287.0,7287.0,0.9338225692964158,25.0,256.0,/home/hschatzle/data/storage-occ-v2/repos/monte-carlo-selection/results/occlusion/bgmm_generated_size16_both_models/source_resnet50_tl_20250829/size_32/s_fish_600/top10_clusters.jsonl,/home/hschatzle/data/storage-occ-v2/repos/monte-carlo-selection/data/cases/generated_from_best_occluders/s_fish_600/resnet50_tl_20250829/size_32/generated/shapes_xy.npz,/home/hschatzle/data/storage-occ-v2/repos/monte-carlo-selection/data/cases/generated_from_best_occluders/s_fish_600/resnet50_tl_20250829/size_32/generated/source_occluder_config.json,/home/hschatzle/data/storage-occ-v2/repos/monte-carlo-selection/results/occlusion/representative_shape_plots_size32/texture_s_fish_600_representative.png,ok,
s_fish_700,texture,resnet50_tl_20250829,1.0,4.0,0,5210.0,5210.0,0.9923280335399918,25.0,256.0,/home/hschatzle/data/storage-occ-v2/repos/monte-carlo-selection/results/occlusion/bgmm_generated_size16_both_models/source_resnet50_tl_20250829/size_32/s_fish_700/top10_clusters.jsonl,/home/hschatzle/data/storage-occ-v2/repos/monte-carlo-selection/data/cases/generated_from_best_occluders/s_fish_700/resnet50_tl_20250829/size_32/generated/shapes_xy.npz,/home/hschatzle/data/storage-occ-v2/repos/monte-carlo-selection/data/cases/generated_from_best_occluders/s_fish_700/resnet50_tl_20250829/size_32/generated/source_occluder_config.json,/home/hschatzle/data/storage-occ-v2/repos/monte-carlo-selection/results/occlusion/representative_shape_plots_size32/texture_s_fish_700_representative.png,ok,
s_fish_800,texture,resnet50_tl_20250829,1.0,30.0,0,9460.0,9460.0,0.5166438844068227,25.0,256.0,/home/hschatzle/data/storage-occ-v2/repos/monte-carlo-selection/results/occlusion/bgmm_generated_size16_both_models/source_resnet50_tl_20250829/size_32/s_fish_800/top10_clusters.jsonl,/home/hschatzle/data/storage-occ-v2/repos/monte-carlo-selection/data/cases/generated_from_best_occluders/s_fish_800/resnet50_tl_20250829/size_32/generated/shapes_xy.npz,/home/hschatzle/data/storage-occ-v2/repos/monte-carlo-selection/data/cases/generated_from_best_occluders/s_fish_800/resnet50_tl_20250829/size_32/generated/source_occluder_config.json,/home/hschatzle/data/storage-occ-v2/repos/monte-carlo-selection/results/occlusion/representative_shape_plots_size32/texture_s_fish_800_representative.png,ok,
s_fish_900,texture,resnet50_tl_20250829,1.0,4.0,0,22.0,22.0,0.994003891318457,25.0,256.0,/home/hschatzle/data/storage-occ-v2/repos/monte-carlo-selection/results/occlusion/bgmm_generated_size16_both_models/source_resnet50_tl_20250829/size_32/s_fish_900/top10_clusters.jsonl,/home/hschatzle/data/storage-occ-v2/repos/monte-carlo-selection/data/cases/generated_from_best_occluders/s_fish_900/resnet50_tl_20250829/size_32/generated/shapes_xy.npz,/home/hschatzle/data/storage-occ-v2/repos/monte-carlo-selection/data/cases/generated_from_best_occluders/s_fish_900/resnet50_tl_20250829/size_32/generated/source_occluder_config.json,/home/hschatzle/data/storage-occ-v2/repos/monte-carlo-selection/results/occlusion/representative_shape_plots_size32/texture_s_fish_900_representative.png,ok,
s_oyster_350,texture,resnet50_tl_20250829,1.0,0.0,0,7315.0,7315.0,0.10036850607560464,25.0,256.0,/home/hschatzle/data/storage-occ-v2/repos/monte-carlo-selection/results/occlusion/bgmm_generated_size16_both_models/source_resnet50_tl_20250829/size_32/s_oyster_350/top10_clusters.jsonl,/home/hschatzle/data/storage-occ-v2/repos/monte-carlo-selection/data/cases/generated_from_best_occluders/s_oyster_350/resnet50_tl_20250829/size_32/generated/shapes_xy.npz,/home/hschatzle/data/storage-occ-v2/repos/monte-carlo-selection/data/cases/generated_from_best_occluders/s_oyster_350/resnet50_tl_20250829/size_32/generated/source_occluder_config.json,/home/hschatzle/data/storage-occ-v2/repos/monte-carlo-selection/results/occlusion/representative_shape_plots_size32/texture_s_oyster_350_representative.png,ok,
s_oyster_4,texture,resnet50_tl_20250829,1.0,66.0,0,6181.0,6181.0,0.9981034487051316,25.0,256.0,/home/hschatzle/data/storage-occ-v2/repos/monte-carlo-selection/results/occlusion/bgmm_generated_size16_both_models/source_resnet50_tl_20250829/size_32/s_oyster_4/top10_clusters.jsonl,/home/hschatzle/data/storage-occ-v2/repos/monte-carlo-selection/data/cases/generated_from_best_occluders/s_oyster_4/resnet50_tl_20250829/size_32/generated/shapes_xy.npz,/home/hschatzle/data/storage-occ-v2/repos/monte-carlo-selection/data/cases/generated_from_best_occluders/s_oyster_4/resnet50_tl_20250829/size_32/generated/source_occluder_config.json,/home/hschatzle/data/storage-occ-v2/repos/monte-carlo-selection/results/occlusion/representative_shape_plots_size32/texture_s_oyster_4_representative.png,ok,
