contrast_family,model_type,num_occluders,occluder_size,level_1,level_2,estimate_diff,std_error,z_value,p_value,p_value_holm,reject_holm
placement_within_model,resnet50_geirhos_tl,1,8,random,targeted,-0.7041847539441899,0.3666008706909369,-1.9208485583163095,0.05475080263609233,0.10950160527218467,False
placement_within_model,resnet50_geirhos_tl,1,16,random,targeted,-1.2709165697606495,0.36660087069095554,-3.466758186813015,0.0005267755567384125,0.003160653340430475,True
placement_within_model,resnet50_geirhos_tl,1,32,random,targeted,-2.196309567087597,0.36660087069095565,-5.991010231230697,2.0854151738802784e-09,3.753747312984501e-08,True
placement_within_model,resnet50_geirhos_tl,1,64,random,targeted,-2.1866562403041634,0.36660087069095504,-5.964678251262303,2.4511654928005555e-09,4.1669813377609444e-08,True
placement_within_model,resnet50_geirhos_tl,2,8,random,targeted,-0.8286287227199904,0.29718260682622943,-2.7882813586210706,0.005298850154676904,0.015896550464030712,True
placement_within_model,resnet50_geirhos_tl,2,16,random,targeted,-1.484612250006507,0.2971826068262427,-4.995622946650216,5.864614647244082e-07,6.45107611196849e-06,True
placement_within_model,resnet50_geirhos_tl,2,32,random,targeted,-2.3687399612828024,0.29718260682624287,-7.97065476536371,1.5543122344752192e-15,3.885780586188048e-14,True
placement_within_model,resnet50_geirhos_tl,2,64,random,targeted,-1.9695421976736986,0.29718260682624237,-6.627380447016728,3.416955607349337e-11,6.833911214698674e-10,True
placement_within_model,resnet50_geirhos_tl,3,8,random,targeted,-0.9530726914957909,0.23999660568256748,-3.97119237909713,7.151380006775732e-05,0.0005005966004743012,True
placement_within_model,resnet50_geirhos_tl,3,16,random,targeted,-1.6983079302523643,0.23999660568257505,-7.076383123928781,1.4797052472204086e-12,3.107381019162858e-11,True
placement_within_model,resnet50_geirhos_tl,3,32,random,targeted,-2.5411703554780076,0.23999660568257536,-10.588359565547414,0.0,0.0,True
placement_within_model,resnet50_geirhos_tl,3,64,random,targeted,-1.752428155043234,0.23999660568257491,-7.301887249859842,2.8377300509419e-13,6.24300611207218e-12,True
placement_within_model,resnet50_geirhos_tl,4,8,random,targeted,-1.0775166602715913,0.20552081453885518,-5.242859039310975,1.581073281187173e-07,2.055395265543325e-06,True
placement_within_model,resnet50_geirhos_tl,4,16,random,targeted,-1.912003610498222,0.2055208145388578,-9.303211525257554,0.0,0.0,True
placement_within_model,resnet50_geirhos_tl,4,32,random,targeted,-2.713600749673213,0.2055208145388581,-13.203532478021339,0.0,0.0,True
placement_within_model,resnet50_geirhos_tl,4,64,random,targeted,-1.5353141124127692,0.20552081453885798,-7.4703582498817225,7.993605777301127e-14,1.8385293287792592e-12,True
placement_within_model,resnet50_geirhos_tl,5,8,random,targeted,-1.201960629047392,0.2055208145388575,-5.848364467337877,4.964298971898984e-09,7.942878355038374e-08,True
placement_within_model,resnet50_geirhos_tl,5,16,random,targeted,-2.1256992907440795,0.20552081453885784,-10.342987864823654,0.0,0.0,True
placement_within_model,resnet50_geirhos_tl,5,32,random,targeted,-2.8860311438684185,0.20552081453885793,-14.042524842770877,0.0,0.0,True
placement_within_model,resnet50_geirhos_tl,5,64,random,targeted,-1.3182000697823046,0.205520814538858,-6.413949228159911,1.4179746266052007e-10,2.6941517905498813e-09,True
placement_within_model,resnet50_geirhos_tl,6,8,random,targeted,-1.3264045978231924,0.2399966056825734,-5.526763989227141,3.261912895347052e-08,4.892869343020578e-07,True
placement_within_model,resnet50_geirhos_tl,6,16,random,targeted,-2.339394970989937,0.2399966056825749,-9.747616906232729,0.0,0.0,True
placement_within_model,resnet50_geirhos_tl,6,32,random,targeted,-3.0584615380636233,0.23999660568257483,-12.743769976933827,0.0,0.0,True
placement_within_model,resnet50_geirhos_tl,6,64,random,targeted,-1.10108602715184,0.23999660568257475,-4.587923333416485,4.476769734695907e-06,4.029092761226316e-05,True
placement_within_model,resnet50_geirhos_tl,7,8,random,targeted,-1.450848566598993,0.2971826068262374,-4.882010364244849,1.0500973555149784e-06,1.0500973555149784e-05,True
placement_within_model,resnet50_geirhos_tl,7,16,random,targeted,-2.5530906512357943,0.29718260682624237,-8.590982758047288,0.0,0.0,True
placement_within_model,resnet50_geirhos_tl,7,32,random,targeted,-3.230891932258829,0.2971826068262425,-10.871739657859168,0.0,0.0,True
placement_within_model,resnet50_geirhos_tl,7,64,random,targeted,-0.8839719845213752,0.29718260682624237,-2.9745078083867087,0.002934589869939108,0.013183166791337353,True
placement_within_model,resnet50_geirhos_tl,8,8,random,targeted,-1.5752925353747935,0.36660087069094593,-4.2970234424315,1.7310689442995297e-05,0.00013848551554396238,True
placement_within_model,resnet50_geirhos_tl,8,16,random,targeted,-2.7667863314816517,0.3666008706909552,-7.547135188923363,4.440892098500626e-14,1.0658141036401503e-12,True
placement_within_model,resnet50_geirhos_tl,8,32,random,targeted,-3.403322326454034,0.366600870690955,-9.283454019188731,0.0,0.0,True
placement_within_model,resnet50_geirhos_tl,8,64,random,targeted,-0.6668579418909104,0.36660087069095504,-1.8190298911021203,0.06890686989993378,0.10950160527218467,False
placement_within_model,resnet50_tl_20250829,1,8,random,targeted,-1.102443361282427,0.3666008706909463,-3.0072033358911856,0.0026366333582674706,0.013183166791337353,True
placement_within_model,resnet50_tl_20250829,1,16,random,targeted,-1.8710981686910073,0.36660087069095554,-5.103910869508934,3.3270501997861857e-07,3.992460239743423e-06,True
placement_within_model,resnet50_tl_20250829,1,32,random,targeted,-6.426391283671071,0.366600870690956,-17.52966726881702,0.0,0.0,True
placement_within_model,resnet50_tl_20250829,1,64,random,targeted,-12.603666758537234,0.36660087069095526,-34.37980584929415,0.0,0.0,True
placement_within_model,resnet50_tl_20250829,2,8,random,targeted,-1.5977664402553486,0.2971826068262365,-5.376379382759662,7.599856988171894e-08,1.063979978344065e-06,True
placement_within_model,resnet50_tl_20250829,2,16,random,targeted,-2.7126924333118314,0.29718260682624265,-9.128032297320463,0.0,0.0,True
placement_within_model,resnet50_tl_20250829,2,32,random,targeted,-7.860927892866597,0.29718260682624315,-26.451507296531414,0.0,0.0,True
placement_within_model,resnet50_tl_20250829,2,64,random,targeted,-12.909656711987047,0.29718260682624253,-43.440148970545565,0.0,0.0,True
placement_within_model,resnet50_tl_20250829,3,8,random,targeted,-2.09308951922827,0.23999660568257195,-8.721329675789935,0.0,0.0,True
placement_within_model,resnet50_tl_20250829,3,16,random,targeted,-3.554286697932654,0.23999660568257505,-14.809737362009336,0.0,0.0,True
placement_within_model,resnet50_tl_20250829,3,32,random,targeted,-9.295464502062122,0.23999660568257553,-38.731649873234026,0.0,0.0,True
placement_within_model,resnet50_tl_20250829,3,64,random,targeted,-13.21564666543686,0.2399966056825749,-55.065973236788956,0.0,0.0,True
placement_within_model,resnet50_tl_20250829,4,8,random,targeted,-2.588412598201192,0.20552081453885704,-12.5944060897628,0.0,0.0,True
placement_within_model,resnet50_tl_20250829,4,16,random,targeted,-4.395880962553478,0.20552081453885782,-21.388981804187765,0.0,0.0,True
placement_within_model,resnet50_tl_20250829,4,32,random,targeted,-10.73000111125765,0.20552081453885807,-52.2088292386994,0.0,0.0,True
placement_within_model,resnet50_tl_20250829,4,64,random,targeted,-13.521636618886674,0.20552081453885776,-65.79205444093908,0.0,0.0,True
placement_within_model,resnet50_tl_20250829,5,8,random,targeted,-3.0837356771741136,0.2055208145388581,-15.0044932630951,0.0,0.0,True
placement_within_model,resnet50_tl_20250829,5,16,random,targeted,-5.2374752271743015,0.20552081453885776,-25.483916258924975,0.0,0.0,True
placement_within_model,resnet50_tl_20250829,5,32,random,targeted,-12.164537720453175,0.2055208145388581,-59.18883567947912,0.0,0.0,True
placement_within_model,resnet50_tl_20250829,5,64,random,targeted,-13.827626572336488,0.20552081453885776,-67.28090584577798,0.0,0.0,True
placement_within_model,resnet50_tl_20250829,6,8,random,targeted,-3.579058756147035,0.23999660568257403,-14.912955731052273,0.0,0.0,True
placement_within_model,resnet50_tl_20250829,6,16,random,targeted,-6.079069491795124,0.23999660568257458,-25.329814455107133,0.0,0.0,True
placement_within_model,resnet50_tl_20250829,6,32,random,targeted,-13.5990743296487,0.2399966056825753,-56.663611099713336,0.0,0.0,True
placement_within_model,resnet50_tl_20250829,6,64,random,targeted,-14.133616525786305,0.23999660568257475,-58.89090175083461,0.0,0.0,True
placement_within_model,resnet50_tl_20250829,7,8,random,targeted,-4.074381835119957,0.29718260682623926,-13.71002791392237,0.0,0.0,True
placement_within_model,resnet50_tl_20250829,7,16,random,targeted,-6.920663756415948,0.29718260682624253,-23.287580085271742,0.0,0.0,True
placement_within_model,resnet50_tl_20250829,7,32,random,targeted,-15.033610938844225,0.29718260682624287,-50.58711577839445,0.0,0.0,True
placement_within_model,resnet50_tl_20250829,7,64,random,targeted,-14.439606479236119,0.2971826068262424,-48.58832969211657,0.0,0.0,True
placement_within_model,resnet50_tl_20250829,8,8,random,targeted,-4.569704914092879,0.36660087069094954,-12.465068360258245,0.0,0.0,True
placement_within_model,resnet50_tl_20250829,8,16,random,targeted,-7.7622580210367715,0.3666008706909549,-21.17359406813948,0.0,0.0,True
placement_within_model,resnet50_tl_20250829,8,32,random,targeted,-16.468147548039752,0.3666008706909556,-44.92119049526861,0.0,0.0,True
placement_within_model,resnet50_tl_20250829,8,64,random,targeted,-14.745596432685932,0.36660087069095504,-40.222480663763854,0.0,0.0,True
