case_id,model_type,occluder_size,stride,placement_type,num_occluders,baseline_target_logit,post_occlusion_target_logit,target_logit_drop,baseline_pred_class,baseline_pred_class_name,post_occlusion_pred_class,post_occlusion_pred_class_name,baseline_confidence,post_occlusion_confidence
s_bird_17,shape_biased,8,1,targeted,1,5.135880470275879,4.410229682922363,0.7256507873535156,5,bird,18,dolphin,0.27608194947242737,0.28258830308914185
s_bird_17,shape_biased,8,1,targeted,2,5.135880470275879,3.714567184448242,1.4213132858276367,5,bird,18,dolphin,0.27608194947242737,0.34185144305229187
s_bird_17,shape_biased,8,1,targeted,3,5.135880470275879,3.3699755668640137,1.7659049034118652,5,bird,18,dolphin,0.27608194947242737,0.302287220954895
s_bird_17,shape_biased,8,1,targeted,4,5.135880470275879,2.900785446166992,2.2350950241088867,5,bird,18,dolphin,0.27608194947242737,0.32683926820755005
s_bird_17,shape_biased,8,1,targeted,5,5.135880470275879,2.9095356464385986,2.2263448238372803,5,bird,18,dolphin,0.27608194947242737,0.33584898710250854
s_bird_17,shape_biased,8,1,targeted,6,5.135880470275879,3.342456579208374,1.7934238910675049,5,bird,18,dolphin,0.27608194947242737,0.33045709133148193
s_bird_17,shape_biased,8,1,targeted,7,5.135880470275879,3.294527530670166,1.841352939605713,5,bird,18,dolphin,0.27608194947242737,0.3409799635410309
s_bird_17,shape_biased,8,1,targeted,8,5.135880470275879,3.3227667808532715,1.8131136894226074,5,bird,18,dolphin,0.27608194947242737,0.33896034955978394
s_bird_17,shape_biased,8,1,random,1,5.135880470275879,5.201064586639404,-0.06518411636352539,5,bird,5,bird,0.27608194947242737,0.27447542548179626
s_bird_17,shape_biased,8,1,random,2,5.135880470275879,5.1188554763793945,0.017024993896484375,5,bird,5,bird,0.27608194947242737,0.2707485854625702
s_bird_17,shape_biased,8,1,random,3,5.135880470275879,4.825197696685791,0.3106827735900879,5,bird,18,dolphin,0.27608194947242737,0.2599368393421173
s_bird_17,shape_biased,8,1,random,4,5.135880470275879,5.10342264175415,0.032457828521728516,5,bird,5,bird,0.27608194947242737,0.2556980550289154
s_bird_17,shape_biased,8,1,random,5,5.135880470275879,4.35155725479126,0.7843232154846191,5,bird,18,dolphin,0.27608194947242737,0.4136401116847992
s_bird_17,shape_biased,8,1,random,6,5.135880470275879,4.887944221496582,0.24793624877929688,5,bird,18,dolphin,0.27608194947242737,0.30652689933776855
s_bird_17,shape_biased,8,1,random,7,5.135880470275879,4.5775275230407715,0.5583529472351074,5,bird,18,dolphin,0.27608194947242737,0.41827592253685
s_bird_17,shape_biased,8,1,random,8,5.135880470275879,3.8335046768188477,1.3023757934570312,5,bird,18,dolphin,0.27608194947242737,0.37733373045921326
s_bird_17,shape_biased,16,1,targeted,1,5.135880470275879,4.128170013427734,1.0077104568481445,5,bird,5,bird,0.27608194947242737,0.16586534678936005
s_bird_17,shape_biased,16,1,targeted,2,5.135880470275879,4.517792224884033,0.6180882453918457,5,bird,5,bird,0.27608194947242737,0.20626427233219147
s_bird_17,shape_biased,16,1,targeted,3,5.135880470275879,3.4668986797332764,1.6689817905426025,5,bird,40,seal,0.27608194947242737,0.17300724983215332
s_bird_17,shape_biased,16,1,targeted,4,5.135880470275879,2.713691473007202,2.4221889972686768,5,bird,46,squirrel,0.27608194947242737,0.26743263006210327
s_bird_17,shape_biased,16,1,targeted,5,5.135880470275879,2.396304130554199,2.7395763397216797,5,bird,1,bat,0.27608194947242737,0.17810069024562836
s_bird_17,shape_biased,16,1,targeted,6,5.135880470275879,3.357635974884033,1.7782444953918457,5,bird,18,dolphin,0.27608194947242737,0.1898891031742096
s_bird_17,shape_biased,16,1,targeted,7,5.135880470275879,3.023211717605591,2.112668752670288,5,bird,22,fish,0.27608194947242737,0.19481536746025085
s_bird_17,shape_biased,16,1,targeted,8,5.135880470275879,3.481935977935791,1.653944492340088,5,bird,41,shark,0.27608194947242737,0.2015749216079712
s_bird_17,shape_biased,16,1,random,1,5.135880470275879,6.131542205810547,-0.995661735534668,5,bird,5,bird,0.27608194947242737,0.4737238883972168
s_bird_17,shape_biased,16,1,random,2,5.135880470275879,4.916193008422852,0.21968746185302734,5,bird,18,dolphin,0.27608194947242737,0.2403702437877655
s_bird_17,shape_biased,16,1,random,3,5.135880470275879,4.404719829559326,0.7311606407165527,5,bird,18,dolphin,0.27608194947242737,0.3547200560569763
s_bird_17,shape_biased,16,1,random,4,5.135880470275879,5.274339199066162,-0.1384587287902832,5,bird,18,dolphin,0.27608194947242737,0.31418582797050476
s_bird_17,shape_biased,16,1,random,5,5.135880470275879,5.169257640838623,-0.03337717056274414,5,bird,5,bird,0.27608194947242737,0.25850269198417664
s_bird_17,shape_biased,16,1,random,6,5.135880470275879,5.825242042541504,-0.689361572265625,5,bird,5,bird,0.27608194947242737,0.3812830448150635
s_bird_17,shape_biased,16,1,random,7,5.135880470275879,5.832496166229248,-0.6966156959533691,5,bird,5,bird,0.27608194947242737,0.379898339509964
s_bird_17,shape_biased,16,1,random,8,5.135880470275879,5.128507614135742,0.007372856140136719,5,bird,5,bird,0.27608194947242737,0.345742791891098
s_bird_17,shape_biased,32,1,targeted,1,5.135880470275879,3.7683427333831787,1.3675377368927002,5,bird,18,dolphin,0.27608194947242737,0.17373594641685486
s_bird_17,shape_biased,32,1,targeted,2,5.135880470275879,4.202127456665039,0.9337530136108398,5,bird,5,bird,0.27608194947242737,0.201775923371315
s_bird_17,shape_biased,32,1,targeted,3,5.135880470275879,3.496497631072998,1.6393828392028809,5,bird,1,bat,0.27608194947242737,0.24318405985832214
s_bird_17,shape_biased,32,1,targeted,4,5.135880470275879,2.7313859462738037,2.404494524002075,5,bird,1,bat,0.27608194947242737,0.3596860468387604
s_bird_17,shape_biased,32,1,targeted,5,5.135880470275879,2.5644760131835938,2.571404457092285,5,bird,1,bat,0.27608194947242737,0.291064590215683
s_bird_17,shape_biased,32,1,targeted,6,5.135880470275879,2.5152385234832764,2.6206419467926025,5,bird,1,bat,0.27608194947242737,0.4570227265357971
s_bird_17,shape_biased,32,1,targeted,7,5.135880470275879,2.4243807792663574,2.7114996910095215,5,bird,1,bat,0.27608194947242737,0.5124067068099976
s_bird_17,shape_biased,32,1,targeted,8,5.135880470275879,2.500751495361328,2.635128974914551,5,bird,1,bat,0.27608194947242737,0.35869863629341125
s_bird_17,shape_biased,32,1,random,1,5.135880470275879,5.037790298461914,0.09809017181396484,5,bird,18,dolphin,0.27608194947242737,0.25138455629348755
s_bird_17,shape_biased,32,1,random,2,5.135880470275879,6.111044883728027,-0.9751644134521484,5,bird,20,eagle,0.27608194947242737,0.35859179496765137
s_bird_17,shape_biased,32,1,random,3,5.135880470275879,4.692361831665039,0.44351863861083984,5,bird,5,bird,0.27608194947242737,0.21018315851688385
s_bird_17,shape_biased,32,1,random,4,5.135880470275879,3.8997795581817627,1.2361009120941162,5,bird,40,seal,0.27608194947242737,0.17865945398807526
s_bird_17,shape_biased,32,1,random,5,5.135880470275879,3.76564359664917,1.370236873626709,5,bird,1,bat,0.27608194947242737,0.47295746207237244
s_bird_17,shape_biased,32,1,random,6,5.135880470275879,4.764012813568115,0.37186765670776367,5,bird,5,bird,0.27608194947242737,0.23627182841300964
s_bird_17,shape_biased,32,1,random,7,5.135880470275879,5.280016899108887,-0.1441364288330078,5,bird,5,bird,0.27608194947242737,0.2491413801908493
s_bird_17,shape_biased,32,1,random,8,5.135880470275879,4.8581037521362305,0.27777671813964844,5,bird,5,bird,0.27608194947242737,0.25469619035720825
s_bird_17,shape_biased,64,1,targeted,1,5.135880470275879,2.660324811935425,2.475555658340454,5,bird,40,seal,0.27608194947242737,0.26392194628715515
s_bird_17,shape_biased,64,1,targeted,2,5.135880470275879,2.2270610332489014,2.9088194370269775,5,bird,1,bat,0.27608194947242737,0.4522850513458252
s_bird_17,shape_biased,64,1,targeted,3,5.135880470275879,1.7237682342529297,3.412112236022949,5,bird,1,bat,0.27608194947242737,0.17744000256061554
s_bird_17,shape_biased,64,1,targeted,4,5.135880470275879,1.1015305519104004,4.0343499183654785,5,bird,1,bat,0.27608194947242737,0.1811835765838623
s_bird_17,shape_biased,64,1,targeted,5,5.135880470275879,1.005733847618103,4.130146622657776,5,bird,1,bat,0.27608194947242737,0.18309496343135834
s_bird_17,shape_biased,64,1,targeted,6,5.135880470275879,1.0661265850067139,4.069753885269165,5,bird,1,bat,0.27608194947242737,0.1767127364873886
s_bird_17,shape_biased,64,1,targeted,7,5.135880470275879,1.1295340061187744,4.0063464641571045,5,bird,1,bat,0.27608194947242737,0.15130837261676788
s_bird_17,shape_biased,64,1,targeted,8,5.135880470275879,0.9294198155403137,4.206460654735565,5,bird,1,bat,0.27608194947242737,0.10479229688644409
s_bird_17,shape_biased,64,1,random,1,5.135880470275879,4.8528361320495605,0.28304433822631836,5,bird,5,bird,0.27608194947242737,0.23338629305362701
s_bird_17,shape_biased,64,1,random,2,5.135880470275879,2.637295722961426,2.498584747314453,5,bird,1,bat,0.27608194947242737,0.7058223485946655
s_bird_17,shape_biased,64,1,random,3,5.135880470275879,4.939501762390137,0.1963787078857422,5,bird,28,hawk,0.27608194947242737,0.2105991244316101
s_bird_17,shape_biased,64,1,random,4,5.135880470275879,3.837616443634033,1.2982640266418457,5,bird,1,bat,0.27608194947242737,0.4678255617618561
s_bird_17,shape_biased,64,1,random,5,5.135880470275879,4.725345134735107,0.4105353355407715,5,bird,1,bat,0.27608194947242737,0.3783935308456421
s_bird_17,shape_biased,64,1,random,6,5.135880470275879,1.3829518556594849,3.752928614616394,5,bird,1,bat,0.27608194947242737,0.3398479223251343
s_bird_17,shape_biased,64,1,random,7,5.135880470275879,1.7283058166503906,3.4075746536254883,5,bird,1,bat,0.27608194947242737,0.1446828693151474
s_bird_17,shape_biased,64,1,random,8,5.135880470275879,1.1122651100158691,4.02361536026001,5,bird,17,dog,0.27608194947242737,0.13621851801872253
s_bird_17,texture_biased,8,1,targeted,1,160.50514221191406,159.4261932373047,1.078948974609375,17,dog,17,dog,1.0,1.0
s_bird_17,texture_biased,8,1,targeted,2,160.50514221191406,158.58065795898438,1.9244842529296875,17,dog,17,dog,1.0,1.0
s_bird_17,texture_biased,8,1,targeted,3,160.50514221191406,157.70849609375,2.7966461181640625,17,dog,17,dog,1.0,1.0
s_bird_17,texture_biased,8,1,targeted,4,160.50514221191406,156.81173706054688,3.6934051513671875,17,dog,17,dog,1.0,1.0
s_bird_17,texture_biased,8,1,targeted,5,160.50514221191406,156.1442108154297,4.360931396484375,17,dog,17,dog,1.0,1.0
s_bird_17,texture_biased,8,1,targeted,6,160.50514221191406,155.55572509765625,4.9494171142578125,17,dog,17,dog,1.0,1.0
s_bird_17,texture_biased,8,1,targeted,7,160.50514221191406,155.07432556152344,5.430816650390625,17,dog,17,dog,1.0,1.0
s_bird_17,texture_biased,8,1,targeted,8,160.50514221191406,154.2079315185547,6.297210693359375,17,dog,17,dog,1.0,1.0
s_bird_17,texture_biased,8,1,random,1,160.50514221191406,160.3480224609375,0.1571197509765625,17,dog,17,dog,1.0,1.0
s_bird_17,texture_biased,8,1,random,2,160.50514221191406,160.140869140625,0.3642730712890625,17,dog,17,dog,1.0,1.0
s_bird_17,texture_biased,8,1,random,3,160.50514221191406,159.6909942626953,0.81414794921875,17,dog,17,dog,1.0,1.0
s_bird_17,texture_biased,8,1,random,4,160.50514221191406,159.95693969726562,0.5482025146484375,17,dog,17,dog,1.0,1.0
s_bird_17,texture_biased,8,1,random,5,160.50514221191406,159.8324432373047,0.672698974609375,17,dog,17,dog,1.0,1.0
s_bird_17,texture_biased,8,1,random,6,160.50514221191406,159.47743225097656,1.0277099609375,17,dog,17,dog,1.0,1.0
s_bird_17,texture_biased,8,1,random,7,160.50514221191406,160.4036407470703,0.10150146484375,17,dog,17,dog,1.0,1.0
s_bird_17,texture_biased,8,1,random,8,160.50514221191406,159.73878479003906,0.766357421875,17,dog,17,dog,1.0,1.0
s_bird_17,texture_biased,16,1,targeted,1,160.50514221191406,158.5797119140625,1.9254302978515625,17,dog,17,dog,1.0,1.0
s_bird_17,texture_biased,16,1,targeted,2,160.50514221191406,156.70555114746094,3.799591064453125,17,dog,17,dog,1.0,1.0
s_bird_17,texture_biased,16,1,targeted,3,160.50514221191406,155.09104919433594,5.414093017578125,17,dog,17,dog,1.0,1.0
s_bird_17,texture_biased,16,1,targeted,4,160.50514221191406,153.50401306152344,7.001129150390625,17,dog,17,dog,1.0,1.0
s_bird_17,texture_biased,16,1,targeted,5,160.50514221191406,152.5576629638672,7.947479248046875,17,dog,17,dog,1.0,1.0
s_bird_17,texture_biased,16,1,targeted,6,160.50514221191406,151.6024932861328,8.90264892578125,17,dog,17,dog,1.0,1.0
s_bird_17,texture_biased,16,1,targeted,7,160.50514221191406,151.00729370117188,9.497848510742188,17,dog,17,dog,1.0,1.0
s_bird_17,texture_biased,16,1,targeted,8,160.50514221191406,149.23887634277344,11.266265869140625,17,dog,17,dog,1.0,1.0
s_bird_17,texture_biased,16,1,random,1,160.50514221191406,159.7369842529297,0.768157958984375,17,dog,17,dog,1.0,1.0
s_bird_17,texture_biased,16,1,random,2,160.50514221191406,158.9882049560547,1.516937255859375,17,dog,17,dog,1.0,1.0
s_bird_17,texture_biased,16,1,random,3,160.50514221191406,159.13038635253906,1.374755859375,17,dog,17,dog,1.0,1.0
s_bird_17,texture_biased,16,1,random,4,160.50514221191406,157.33030700683594,3.174835205078125,17,dog,17,dog,1.0,1.0
s_bird_17,texture_biased,16,1,random,5,160.50514221191406,158.7515411376953,1.75360107421875,17,dog,17,dog,1.0,1.0
s_bird_17,texture_biased,16,1,random,6,160.50514221191406,154.79908752441406,5.7060546875,17,dog,17,dog,1.0,1.0
s_bird_17,texture_biased,16,1,random,7,160.50514221191406,155.5127716064453,4.99237060546875,17,dog,17,dog,1.0,1.0
s_bird_17,texture_biased,16,1,random,8,160.50514221191406,156.8800811767578,3.62506103515625,17,dog,17,dog,1.0,1.0
s_bird_17,texture_biased,32,1,targeted,1,160.50514221191406,153.95010375976562,6.5550384521484375,17,dog,17,dog,1.0,1.0
s_bird_17,texture_biased,32,1,targeted,2,160.50514221191406,150.26040649414062,10.244735717773438,17,dog,17,dog,1.0,1.0
s_bird_17,texture_biased,32,1,targeted,3,160.50514221191406,144.46548461914062,16.039657592773438,17,dog,17,dog,1.0,0.9999986886978149
s_bird_17,texture_biased,32,1,targeted,4,160.50514221191406,138.89697265625,21.608169555664062,17,dog,17,dog,1.0,0.9877514839172363
s_bird_17,texture_biased,32,1,targeted,5,160.50514221191406,132.89447021484375,27.610671997070312,17,dog,41,shark,1.0,0.843055009841919
s_bird_17,texture_biased,32,1,targeted,6,160.50514221191406,129.36578369140625,31.139358520507812,17,dog,41,shark,1.0,0.9905607104301453
s_bird_17,texture_biased,32,1,targeted,7,160.50514221191406,127.4482421875,33.05690002441406,17,dog,41,shark,1.0,0.982775866985321
s_bird_17,texture_biased,32,1,targeted,8,160.50514221191406,124.10076904296875,36.40437316894531,17,dog,41,shark,1.0,0.9992189407348633
s_bird_17,texture_biased,32,1,random,1,160.50514221191406,158.6387481689453,1.86639404296875,17,dog,17,dog,1.0,1.0
s_bird_17,texture_biased,32,1,random,2,160.50514221191406,151.65969848632812,8.845443725585938,17,dog,17,dog,1.0,1.0
s_bird_17,texture_biased,32,1,random,3,160.50514221191406,152.60305786132812,7.9020843505859375,17,dog,17,dog,1.0,1.0
s_bird_17,texture_biased,32,1,random,4,160.50514221191406,148.86032104492188,11.644821166992188,17,dog,17,dog,1.0,1.0
s_bird_17,texture_biased,32,1,random,5,160.50514221191406,143.4103240966797,17.094818115234375,17,dog,17,dog,1.0,0.9999998807907104
s_bird_17,texture_biased,32,1,random,6,160.50514221191406,143.33401489257812,17.171127319335938,17,dog,17,dog,1.0,1.0
s_bird_17,texture_biased,32,1,random,7,160.50514221191406,138.3000946044922,22.205047607421875,17,dog,17,dog,1.0,0.9999794960021973
s_bird_17,texture_biased,32,1,random,8,160.50514221191406,134.31060791015625,26.194534301757812,17,dog,17,dog,1.0,0.9981385469436646
s_bird_17,texture_biased,64,1,targeted,1,160.50514221191406,145.62159729003906,14.883544921875,17,dog,17,dog,1.0,1.0
s_bird_17,texture_biased,64,1,targeted,2,160.50514221191406,130.43133544921875,30.073806762695312,17,dog,17,dog,1.0,0.9999724626541138
s_bird_17,texture_biased,64,1,targeted,3,160.50514221191406,118.86344909667969,41.641693115234375,17,dog,17,dog,1.0,0.9642857313156128
s_bird_17,texture_biased,64,1,targeted,4,160.50514221191406,107.7829818725586,52.72216033935547,17,dog,41,shark,1.0,0.7626712918281555
s_bird_17,texture_biased,64,1,targeted,5,160.50514221191406,99.53742218017578,60.96772003173828,17,dog,41,shark,1.0,0.9226823449134827
s_bird_17,texture_biased,64,1,targeted,6,160.50514221191406,91.61824798583984,68.88689422607422,17,dog,41,shark,1.0,0.9629108905792236
s_bird_17,texture_biased,64,1,targeted,7,160.50514221191406,85.71432495117188,74.79081726074219,17,dog,41,shark,1.0,0.715279221534729
s_bird_17,texture_biased,64,1,targeted,8,160.50514221191406,85.71432495117188,74.79081726074219,17,dog,41,shark,1.0,0.715279221534729
s_bird_17,texture_biased,64,1,random,1,160.50514221191406,146.5365753173828,13.96856689453125,17,dog,17,dog,1.0,1.0
s_bird_17,texture_biased,64,1,random,2,160.50514221191406,152.29434204101562,8.210800170898438,17,dog,17,dog,1.0,1.0
s_bird_17,texture_biased,64,1,random,3,160.50514221191406,137.95474243164062,22.550399780273438,17,dog,17,dog,1.0,1.0
s_bird_17,texture_biased,64,1,random,4,160.50514221191406,118.71589660644531,41.78924560546875,17,dog,17,dog,1.0,1.0
s_bird_17,texture_biased,64,1,random,5,160.50514221191406,119.12679290771484,41.37834930419922,17,dog,17,dog,1.0,1.0
s_bird_17,texture_biased,64,1,random,6,160.50514221191406,100.82400512695312,59.68113708496094,17,dog,17,dog,1.0,1.0
s_bird_17,texture_biased,64,1,random,7,160.50514221191406,97.1914291381836,63.31371307373047,17,dog,17,dog,1.0,0.9998737573623657
s_bird_17,texture_biased,64,1,random,8,160.50514221191406,81.54219818115234,78.96294403076172,17,dog,17,dog,1.0,0.9879095554351807
