case_id,source_model,occluder_size,cluster_rank,target_k,n_shapes_listed_in_cluster,n_shapes_averaged,n_shapes_failed,baseGrid_case,jsonl_path,npz_path,plot_path,members_csv_path,status,error
ns_cow_202,resnet50_geirhos_tl,16,1,72.0,25.0,25,0.0,256.0,/home/hschatzle/data/storage-occ-v2/repos/monte-carlo-selection/results/occlusion/bgmm_generated_size16_both_models/source_resnet50_geirhos_tl/size_32/ns_cow_202/ns_cow_202_size32_top1cluster_mean_contour_k72.jsonl,/home/hschatzle/data/storage-occ-v2/repos/monte-carlo-selection/results/occlusion/bgmm_generated_size16_both_models/source_resnet50_geirhos_tl/size_32/ns_cow_202/ns_cow_202_size32_top1cluster_mean_contour_k72.npz,/home/hschatzle/data/storage-occ-v2/repos/monte-carlo-selection/results/occlusion/bgmm_generated_size16_both_models/source_resnet50_geirhos_tl/size_32/ns_cow_202/ns_cow_202_size32_top1cluster_mean_contour_k72.png,/home/hschatzle/data/storage-occ-v2/repos/monte-carlo-selection/results/occlusion/bgmm_generated_size16_both_models/source_resnet50_geirhos_tl/size_32/ns_cow_202/ns_cow_202_size32_top1cluster_mean_contour_k72_members.csv,ok,
ns_cow_205,resnet50_geirhos_tl,16,1,70.0,25.0,25,0.0,256.0,/home/hschatzle/data/storage-occ-v2/repos/monte-carlo-selection/results/occlusion/bgmm_generated_size16_both_models/source_resnet50_geirhos_tl/size_32/ns_cow_205/ns_cow_205_size32_top1cluster_mean_contour_k70.jsonl,/home/hschatzle/data/storage-occ-v2/repos/monte-carlo-selection/results/occlusion/bgmm_generated_size16_both_models/source_resnet50_geirhos_tl/size_32/ns_cow_205/ns_cow_205_size32_top1cluster_mean_contour_k70.npz,/home/hschatzle/data/storage-occ-v2/repos/monte-carlo-selection/results/occlusion/bgmm_generated_size16_both_models/source_resnet50_geirhos_tl/size_32/ns_cow_205/ns_cow_205_size32_top1cluster_mean_contour_k70.png,/home/hschatzle/data/storage-occ-v2/repos/monte-carlo-selection/results/occlusion/bgmm_generated_size16_both_models/source_resnet50_geirhos_tl/size_32/ns_cow_205/ns_cow_205_size32_top1cluster_mean_contour_k70_members.csv,ok,
ns_cow_350,resnet50_geirhos_tl,16,1,56.0,25.0,25,0.0,256.0,/home/hschatzle/data/storage-occ-v2/repos/monte-carlo-selection/results/occlusion/bgmm_generated_size16_both_models/source_resnet50_geirhos_tl/size_32/ns_cow_350/ns_cow_350_size32_top1cluster_mean_contour_k56.jsonl,/home/hschatzle/data/storage-occ-v2/repos/monte-carlo-selection/results/occlusion/bgmm_generated_size16_both_models/source_resnet50_geirhos_tl/size_32/ns_cow_350/ns_cow_350_size32_top1cluster_mean_contour_k56.npz,/home/hschatzle/data/storage-occ-v2/repos/monte-carlo-selection/results/occlusion/bgmm_generated_size16_both_models/source_resnet50_geirhos_tl/size_32/ns_cow_350/ns_cow_350_size32_top1cluster_mean_contour_k56.png,/home/hschatzle/data/storage-occ-v2/repos/monte-carlo-selection/results/occlusion/bgmm_generated_size16_both_models/source_resnet50_geirhos_tl/size_32/ns_cow_350/ns_cow_350_size32_top1cluster_mean_contour_k56_members.csv,ok,
ns_cow_510,resnet50_geirhos_tl,16,1,36.0,25.0,25,0.0,256.0,/home/hschatzle/data/storage-occ-v2/repos/monte-carlo-selection/results/occlusion/bgmm_generated_size16_both_models/source_resnet50_geirhos_tl/size_32/ns_cow_510/ns_cow_510_size32_top1cluster_mean_contour_k36.jsonl,/home/hschatzle/data/storage-occ-v2/repos/monte-carlo-selection/results/occlusion/bgmm_generated_size16_both_models/source_resnet50_geirhos_tl/size_32/ns_cow_510/ns_cow_510_size32_top1cluster_mean_contour_k36.npz,/home/hschatzle/data/storage-occ-v2/repos/monte-carlo-selection/results/occlusion/bgmm_generated_size16_both_models/source_resnet50_geirhos_tl/size_32/ns_cow_510/ns_cow_510_size32_top1cluster_mean_contour_k36.png,/home/hschatzle/data/storage-occ-v2/repos/monte-carlo-selection/results/occlusion/bgmm_generated_size16_both_models/source_resnet50_geirhos_tl/size_32/ns_cow_510/ns_cow_510_size32_top1cluster_mean_contour_k36_members.csv,ok,
ns_cow_780,resnet50_geirhos_tl,16,1,51.0,25.0,25,0.0,256.0,/home/hschatzle/data/storage-occ-v2/repos/monte-carlo-selection/results/occlusion/bgmm_generated_size16_both_models/source_resnet50_geirhos_tl/size_32/ns_cow_780/ns_cow_780_size32_top1cluster_mean_contour_k51.jsonl,/home/hschatzle/data/storage-occ-v2/repos/monte-carlo-selection/results/occlusion/bgmm_generated_size16_both_models/source_resnet50_geirhos_tl/size_32/ns_cow_780/ns_cow_780_size32_top1cluster_mean_contour_k51.npz,/home/hschatzle/data/storage-occ-v2/repos/monte-carlo-selection/results/occlusion/bgmm_generated_size16_both_models/source_resnet50_geirhos_tl/size_32/ns_cow_780/ns_cow_780_size32_top1cluster_mean_contour_k51.png,/home/hschatzle/data/storage-occ-v2/repos/monte-carlo-selection/results/occlusion/bgmm_generated_size16_both_models/source_resnet50_geirhos_tl/size_32/ns_cow_780/ns_cow_780_size32_top1cluster_mean_contour_k51_members.csv,ok,
ns_dog_105,resnet50_geirhos_tl,16,1,76.0,25.0,25,0.0,256.0,/home/hschatzle/data/storage-occ-v2/repos/monte-carlo-selection/results/occlusion/bgmm_generated_size16_both_models/source_resnet50_geirhos_tl/size_32/ns_dog_105/ns_dog_105_size32_top1cluster_mean_contour_k76.jsonl,/home/hschatzle/data/storage-occ-v2/repos/monte-carlo-selection/results/occlusion/bgmm_generated_size16_both_models/source_resnet50_geirhos_tl/size_32/ns_dog_105/ns_dog_105_size32_top1cluster_mean_contour_k76.npz,/home/hschatzle/data/storage-occ-v2/repos/monte-carlo-selection/results/occlusion/bgmm_generated_size16_both_models/source_resnet50_geirhos_tl/size_32/ns_dog_105/ns_dog_105_size32_top1cluster_mean_contour_k76.png,/home/hschatzle/data/storage-occ-v2/repos/monte-carlo-selection/results/occlusion/bgmm_generated_size16_both_models/source_resnet50_geirhos_tl/size_32/ns_dog_105/ns_dog_105_size32_top1cluster_mean_contour_k76_members.csv,ok,
ns_dog_214,resnet50_geirhos_tl,16,1,9.0,25.0,25,0.0,256.0,/home/hschatzle/data/storage-occ-v2/repos/monte-carlo-selection/results/occlusion/bgmm_generated_size16_both_models/source_resnet50_geirhos_tl/size_32/ns_dog_214/ns_dog_214_size32_top1cluster_mean_contour_k9.jsonl,/home/hschatzle/data/storage-occ-v2/repos/monte-carlo-selection/results/occlusion/bgmm_generated_size16_both_models/source_resnet50_geirhos_tl/size_32/ns_dog_214/ns_dog_214_size32_top1cluster_mean_contour_k9.npz,/home/hschatzle/data/storage-occ-v2/repos/monte-carlo-selection/results/occlusion/bgmm_generated_size16_both_models/source_resnet50_geirhos_tl/size_32/ns_dog_214/ns_dog_214_size32_top1cluster_mean_contour_k9.png,/home/hschatzle/data/storage-occ-v2/repos/monte-carlo-selection/results/occlusion/bgmm_generated_size16_both_models/source_resnet50_geirhos_tl/size_32/ns_dog_214/ns_dog_214_size32_top1cluster_mean_contour_k9_members.csv,ok,
ns_dog_350,resnet50_geirhos_tl,16,1,41.0,25.0,25,0.0,256.0,/home/hschatzle/data/storage-occ-v2/repos/monte-carlo-selection/results/occlusion/bgmm_generated_size16_both_models/source_resnet50_geirhos_tl/size_32/ns_dog_350/ns_dog_350_size32_top1cluster_mean_contour_k41.jsonl,/home/hschatzle/data/storage-occ-v2/repos/monte-carlo-selection/results/occlusion/bgmm_generated_size16_both_models/source_resnet50_geirhos_tl/size_32/ns_dog_350/ns_dog_350_size32_top1cluster_mean_contour_k41.npz,/home/hschatzle/data/storage-occ-v2/repos/monte-carlo-selection/results/occlusion/bgmm_generated_size16_both_models/source_resnet50_geirhos_tl/size_32/ns_dog_350/ns_dog_350_size32_top1cluster_mean_contour_k41.png,/home/hschatzle/data/storage-occ-v2/repos/monte-carlo-selection/results/occlusion/bgmm_generated_size16_both_models/source_resnet50_geirhos_tl/size_32/ns_dog_350/ns_dog_350_size32_top1cluster_mean_contour_k41_members.csv,ok,
ns_dog_69,resnet50_geirhos_tl,16,1,4.0,25.0,25,0.0,256.0,/home/hschatzle/data/storage-occ-v2/repos/monte-carlo-selection/results/occlusion/bgmm_generated_size16_both_models/source_resnet50_geirhos_tl/size_32/ns_dog_69/ns_dog_69_size32_top1cluster_mean_contour_k4.jsonl,/home/hschatzle/data/storage-occ-v2/repos/monte-carlo-selection/results/occlusion/bgmm_generated_size16_both_models/source_resnet50_geirhos_tl/size_32/ns_dog_69/ns_dog_69_size32_top1cluster_mean_contour_k4.npz,/home/hschatzle/data/storage-occ-v2/repos/monte-carlo-selection/results/occlusion/bgmm_generated_size16_both_models/source_resnet50_geirhos_tl/size_32/ns_dog_69/ns_dog_69_size32_top1cluster_mean_contour_k4.png,/home/hschatzle/data/storage-occ-v2/repos/monte-carlo-selection/results/occlusion/bgmm_generated_size16_both_models/source_resnet50_geirhos_tl/size_32/ns_dog_69/ns_dog_69_size32_top1cluster_mean_contour_k4_members.csv,ok,
ns_dog_780,resnet50_geirhos_tl,16,1,,,0,,,,,,,failed,Missing shapes_xy.npz: /home/hschatzle/data/storage-occ-v2/repos/monte-carlo-selection/data/cases/generated_from_best_occluders/ns_dog_780/resnet50_geirhos_tl/size_32/generated/shapes_xy.npz
ns_elephant_100,resnet50_geirhos_tl,16,1,,,0,,,,,,,failed,No hidden arcs extracted for case ns_elephant_100
ns_elephant_109,resnet50_geirhos_tl,16,1,70.0,25.0,25,0.0,256.0,/home/hschatzle/data/storage-occ-v2/repos/monte-carlo-selection/results/occlusion/bgmm_generated_size16_both_models/source_resnet50_geirhos_tl/size_32/ns_elephant_109/ns_elephant_109_size32_top1cluster_mean_contour_k70.jsonl,/home/hschatzle/data/storage-occ-v2/repos/monte-carlo-selection/results/occlusion/bgmm_generated_size16_both_models/source_resnet50_geirhos_tl/size_32/ns_elephant_109/ns_elephant_109_size32_top1cluster_mean_contour_k70.npz,/home/hschatzle/data/storage-occ-v2/repos/monte-carlo-selection/results/occlusion/bgmm_generated_size16_both_models/source_resnet50_geirhos_tl/size_32/ns_elephant_109/ns_elephant_109_size32_top1cluster_mean_contour_k70.png,/home/hschatzle/data/storage-occ-v2/repos/monte-carlo-selection/results/occlusion/bgmm_generated_size16_both_models/source_resnet50_geirhos_tl/size_32/ns_elephant_109/ns_elephant_109_size32_top1cluster_mean_contour_k70_members.csv,ok,
ns_elephant_350,resnet50_geirhos_tl,16,1,,,0,,,,,,,failed,No hidden arcs extracted for case ns_elephant_350
ns_elephant_47,resnet50_geirhos_tl,16,1,38.0,25.0,25,0.0,256.0,/home/hschatzle/data/storage-occ-v2/repos/monte-carlo-selection/results/occlusion/bgmm_generated_size16_both_models/source_resnet50_geirhos_tl/size_32/ns_elephant_47/ns_elephant_47_size32_top1cluster_mean_contour_k38.jsonl,/home/hschatzle/data/storage-occ-v2/repos/monte-carlo-selection/results/occlusion/bgmm_generated_size16_both_models/source_resnet50_geirhos_tl/size_32/ns_elephant_47/ns_elephant_47_size32_top1cluster_mean_contour_k38.npz,/home/hschatzle/data/storage-occ-v2/repos/monte-carlo-selection/results/occlusion/bgmm_generated_size16_both_models/source_resnet50_geirhos_tl/size_32/ns_elephant_47/ns_elephant_47_size32_top1cluster_mean_contour_k38.png,/home/hschatzle/data/storage-occ-v2/repos/monte-carlo-selection/results/occlusion/bgmm_generated_size16_both_models/source_resnet50_geirhos_tl/size_32/ns_elephant_47/ns_elephant_47_size32_top1cluster_mean_contour_k38_members.csv,ok,
ns_elephant_780,resnet50_geirhos_tl,16,1,12.0,25.0,25,0.0,256.0,/home/hschatzle/data/storage-occ-v2/repos/monte-carlo-selection/results/occlusion/bgmm_generated_size16_both_models/source_resnet50_geirhos_tl/size_32/ns_elephant_780/ns_elephant_780_size32_top1cluster_mean_contour_k12.jsonl,/home/hschatzle/data/storage-occ-v2/repos/monte-carlo-selection/results/occlusion/bgmm_generated_size16_both_models/source_resnet50_geirhos_tl/size_32/ns_elephant_780/ns_elephant_780_size32_top1cluster_mean_contour_k12.npz,/home/hschatzle/data/storage-occ-v2/repos/monte-carlo-selection/results/occlusion/bgmm_generated_size16_both_models/source_resnet50_geirhos_tl/size_32/ns_elephant_780/ns_elephant_780_size32_top1cluster_mean_contour_k12.png,/home/hschatzle/data/storage-occ-v2/repos/monte-carlo-selection/results/occlusion/bgmm_generated_size16_both_models/source_resnet50_geirhos_tl/size_32/ns_elephant_780/ns_elephant_780_size32_top1cluster_mean_contour_k12_members.csv,ok,
ns_lion_350,resnet50_geirhos_tl,16,1,59.0,25.0,25,0.0,256.0,/home/hschatzle/data/storage-occ-v2/repos/monte-carlo-selection/results/occlusion/bgmm_generated_size16_both_models/source_resnet50_geirhos_tl/size_32/ns_lion_350/ns_lion_350_size32_top1cluster_mean_contour_k59.jsonl,/home/hschatzle/data/storage-occ-v2/repos/monte-carlo-selection/results/occlusion/bgmm_generated_size16_both_models/source_resnet50_geirhos_tl/size_32/ns_lion_350/ns_lion_350_size32_top1cluster_mean_contour_k59.npz,/home/hschatzle/data/storage-occ-v2/repos/monte-carlo-selection/results/occlusion/bgmm_generated_size16_both_models/source_resnet50_geirhos_tl/size_32/ns_lion_350/ns_lion_350_size32_top1cluster_mean_contour_k59.png,/home/hschatzle/data/storage-occ-v2/repos/monte-carlo-selection/results/occlusion/bgmm_generated_size16_both_models/source_resnet50_geirhos_tl/size_32/ns_lion_350/ns_lion_350_size32_top1cluster_mean_contour_k59_members.csv,ok,
ns_lion_560,resnet50_geirhos_tl,16,1,24.0,25.0,25,0.0,256.0,/home/hschatzle/data/storage-occ-v2/repos/monte-carlo-selection/results/occlusion/bgmm_generated_size16_both_models/source_resnet50_geirhos_tl/size_32/ns_lion_560/ns_lion_560_size32_top1cluster_mean_contour_k24.jsonl,/home/hschatzle/data/storage-occ-v2/repos/monte-carlo-selection/results/occlusion/bgmm_generated_size16_both_models/source_resnet50_geirhos_tl/size_32/ns_lion_560/ns_lion_560_size32_top1cluster_mean_contour_k24.npz,/home/hschatzle/data/storage-occ-v2/repos/monte-carlo-selection/results/occlusion/bgmm_generated_size16_both_models/source_resnet50_geirhos_tl/size_32/ns_lion_560/ns_lion_560_size32_top1cluster_mean_contour_k24.png,/home/hschatzle/data/storage-occ-v2/repos/monte-carlo-selection/results/occlusion/bgmm_generated_size16_both_models/source_resnet50_geirhos_tl/size_32/ns_lion_560/ns_lion_560_size32_top1cluster_mean_contour_k24_members.csv,ok,
ns_lion_650,resnet50_geirhos_tl,16,1,25.0,25.0,25,0.0,256.0,/home/hschatzle/data/storage-occ-v2/repos/monte-carlo-selection/results/occlusion/bgmm_generated_size16_both_models/source_resnet50_geirhos_tl/size_32/ns_lion_650/ns_lion_650_size32_top1cluster_mean_contour_k25.jsonl,/home/hschatzle/data/storage-occ-v2/repos/monte-carlo-selection/results/occlusion/bgmm_generated_size16_both_models/source_resnet50_geirhos_tl/size_32/ns_lion_650/ns_lion_650_size32_top1cluster_mean_contour_k25.npz,/home/hschatzle/data/storage-occ-v2/repos/monte-carlo-selection/results/occlusion/bgmm_generated_size16_both_models/source_resnet50_geirhos_tl/size_32/ns_lion_650/ns_lion_650_size32_top1cluster_mean_contour_k25.png,/home/hschatzle/data/storage-occ-v2/repos/monte-carlo-selection/results/occlusion/bgmm_generated_size16_both_models/source_resnet50_geirhos_tl/size_32/ns_lion_650/ns_lion_650_size32_top1cluster_mean_contour_k25_members.csv,ok,
ns_lion_780,resnet50_geirhos_tl,16,1,67.0,25.0,25,0.0,256.0,/home/hschatzle/data/storage-occ-v2/repos/monte-carlo-selection/results/occlusion/bgmm_generated_size16_both_models/source_resnet50_geirhos_tl/size_32/ns_lion_780/ns_lion_780_size32_top1cluster_mean_contour_k67.jsonl,/home/hschatzle/data/storage-occ-v2/repos/monte-carlo-selection/results/occlusion/bgmm_generated_size16_both_models/source_resnet50_geirhos_tl/size_32/ns_lion_780/ns_lion_780_size32_top1cluster_mean_contour_k67.npz,/home/hschatzle/data/storage-occ-v2/repos/monte-carlo-selection/results/occlusion/bgmm_generated_size16_both_models/source_resnet50_geirhos_tl/size_32/ns_lion_780/ns_lion_780_size32_top1cluster_mean_contour_k67.png,/home/hschatzle/data/storage-occ-v2/repos/monte-carlo-selection/results/occlusion/bgmm_generated_size16_both_models/source_resnet50_geirhos_tl/size_32/ns_lion_780/ns_lion_780_size32_top1cluster_mean_contour_k67_members.csv,ok,
ns_lion_801,resnet50_geirhos_tl,16,1,53.0,25.0,25,0.0,256.0,/home/hschatzle/data/storage-occ-v2/repos/monte-carlo-selection/results/occlusion/bgmm_generated_size16_both_models/source_resnet50_geirhos_tl/size_32/ns_lion_801/ns_lion_801_size32_top1cluster_mean_contour_k53.jsonl,/home/hschatzle/data/storage-occ-v2/repos/monte-carlo-selection/results/occlusion/bgmm_generated_size16_both_models/source_resnet50_geirhos_tl/size_32/ns_lion_801/ns_lion_801_size32_top1cluster_mean_contour_k53.npz,/home/hschatzle/data/storage-occ-v2/repos/monte-carlo-selection/results/occlusion/bgmm_generated_size16_both_models/source_resnet50_geirhos_tl/size_32/ns_lion_801/ns_lion_801_size32_top1cluster_mean_contour_k53.png,/home/hschatzle/data/storage-occ-v2/repos/monte-carlo-selection/results/occlusion/bgmm_generated_size16_both_models/source_resnet50_geirhos_tl/size_32/ns_lion_801/ns_lion_801_size32_top1cluster_mean_contour_k53_members.csv,ok,
s_bird_111,resnet50_geirhos_tl,16,1,18.0,25.0,25,0.0,256.0,/home/hschatzle/data/storage-occ-v2/repos/monte-carlo-selection/results/occlusion/bgmm_generated_size16_both_models/source_resnet50_geirhos_tl/size_32/s_bird_111/s_bird_111_size32_top1cluster_mean_contour_k18.jsonl,/home/hschatzle/data/storage-occ-v2/repos/monte-carlo-selection/results/occlusion/bgmm_generated_size16_both_models/source_resnet50_geirhos_tl/size_32/s_bird_111/s_bird_111_size32_top1cluster_mean_contour_k18.npz,/home/hschatzle/data/storage-occ-v2/repos/monte-carlo-selection/results/occlusion/bgmm_generated_size16_both_models/source_resnet50_geirhos_tl/size_32/s_bird_111/s_bird_111_size32_top1cluster_mean_contour_k18.png,/home/hschatzle/data/storage-occ-v2/repos/monte-carlo-selection/results/occlusion/bgmm_generated_size16_both_models/source_resnet50_geirhos_tl/size_32/s_bird_111/s_bird_111_size32_top1cluster_mean_contour_k18_members.csv,ok,
s_bird_117,resnet50_geirhos_tl,16,1,59.0,25.0,25,0.0,256.0,/home/hschatzle/data/storage-occ-v2/repos/monte-carlo-selection/results/occlusion/bgmm_generated_size16_both_models/source_resnet50_geirhos_tl/size_32/s_bird_117/s_bird_117_size32_top1cluster_mean_contour_k59.jsonl,/home/hschatzle/data/storage-occ-v2/repos/monte-carlo-selection/results/occlusion/bgmm_generated_size16_both_models/source_resnet50_geirhos_tl/size_32/s_bird_117/s_bird_117_size32_top1cluster_mean_contour_k59.npz,/home/hschatzle/data/storage-occ-v2/repos/monte-carlo-selection/results/occlusion/bgmm_generated_size16_both_models/source_resnet50_geirhos_tl/size_32/s_bird_117/s_bird_117_size32_top1cluster_mean_contour_k59.png,/home/hschatzle/data/storage-occ-v2/repos/monte-carlo-selection/results/occlusion/bgmm_generated_size16_both_models/source_resnet50_geirhos_tl/size_32/s_bird_117/s_bird_117_size32_top1cluster_mean_contour_k59_members.csv,ok,
s_bird_132,resnet50_geirhos_tl,16,1,17.0,25.0,25,0.0,256.0,/home/hschatzle/data/storage-occ-v2/repos/monte-carlo-selection/results/occlusion/bgmm_generated_size16_both_models/source_resnet50_geirhos_tl/size_32/s_bird_132/s_bird_132_size32_top1cluster_mean_contour_k17.jsonl,/home/hschatzle/data/storage-occ-v2/repos/monte-carlo-selection/results/occlusion/bgmm_generated_size16_both_models/source_resnet50_geirhos_tl/size_32/s_bird_132/s_bird_132_size32_top1cluster_mean_contour_k17.npz,/home/hschatzle/data/storage-occ-v2/repos/monte-carlo-selection/results/occlusion/bgmm_generated_size16_both_models/source_resnet50_geirhos_tl/size_32/s_bird_132/s_bird_132_size32_top1cluster_mean_contour_k17.png,/home/hschatzle/data/storage-occ-v2/repos/monte-carlo-selection/results/occlusion/bgmm_generated_size16_both_models/source_resnet50_geirhos_tl/size_32/s_bird_132/s_bird_132_size32_top1cluster_mean_contour_k17_members.csv,ok,
s_bird_136,resnet50_geirhos_tl,16,1,45.0,25.0,25,0.0,256.0,/home/hschatzle/data/storage-occ-v2/repos/monte-carlo-selection/results/occlusion/bgmm_generated_size16_both_models/source_resnet50_geirhos_tl/size_32/s_bird_136/s_bird_136_size32_top1cluster_mean_contour_k45.jsonl,/home/hschatzle/data/storage-occ-v2/repos/monte-carlo-selection/results/occlusion/bgmm_generated_size16_both_models/source_resnet50_geirhos_tl/size_32/s_bird_136/s_bird_136_size32_top1cluster_mean_contour_k45.npz,/home/hschatzle/data/storage-occ-v2/repos/monte-carlo-selection/results/occlusion/bgmm_generated_size16_both_models/source_resnet50_geirhos_tl/size_32/s_bird_136/s_bird_136_size32_top1cluster_mean_contour_k45.png,/home/hschatzle/data/storage-occ-v2/repos/monte-carlo-selection/results/occlusion/bgmm_generated_size16_both_models/source_resnet50_geirhos_tl/size_32/s_bird_136/s_bird_136_size32_top1cluster_mean_contour_k45_members.csv,ok,
s_bird_137,resnet50_geirhos_tl,16,1,66.0,25.0,25,0.0,256.0,/home/hschatzle/data/storage-occ-v2/repos/monte-carlo-selection/results/occlusion/bgmm_generated_size16_both_models/source_resnet50_geirhos_tl/size_32/s_bird_137/s_bird_137_size32_top1cluster_mean_contour_k66.jsonl,/home/hschatzle/data/storage-occ-v2/repos/monte-carlo-selection/results/occlusion/bgmm_generated_size16_both_models/source_resnet50_geirhos_tl/size_32/s_bird_137/s_bird_137_size32_top1cluster_mean_contour_k66.npz,/home/hschatzle/data/storage-occ-v2/repos/monte-carlo-selection/results/occlusion/bgmm_generated_size16_both_models/source_resnet50_geirhos_tl/size_32/s_bird_137/s_bird_137_size32_top1cluster_mean_contour_k66.png,/home/hschatzle/data/storage-occ-v2/repos/monte-carlo-selection/results/occlusion/bgmm_generated_size16_both_models/source_resnet50_geirhos_tl/size_32/s_bird_137/s_bird_137_size32_top1cluster_mean_contour_k66_members.csv,ok,
s_bird_212,resnet50_geirhos_tl,16,1,62.0,25.0,25,0.0,256.0,/home/hschatzle/data/storage-occ-v2/repos/monte-carlo-selection/results/occlusion/bgmm_generated_size16_both_models/source_resnet50_geirhos_tl/size_32/s_bird_212/s_bird_212_size32_top1cluster_mean_contour_k62.jsonl,/home/hschatzle/data/storage-occ-v2/repos/monte-carlo-selection/results/occlusion/bgmm_generated_size16_both_models/source_resnet50_geirhos_tl/size_32/s_bird_212/s_bird_212_size32_top1cluster_mean_contour_k62.npz,/home/hschatzle/data/storage-occ-v2/repos/monte-carlo-selection/results/occlusion/bgmm_generated_size16_both_models/source_resnet50_geirhos_tl/size_32/s_bird_212/s_bird_212_size32_top1cluster_mean_contour_k62.png,/home/hschatzle/data/storage-occ-v2/repos/monte-carlo-selection/results/occlusion/bgmm_generated_size16_both_models/source_resnet50_geirhos_tl/size_32/s_bird_212/s_bird_212_size32_top1cluster_mean_contour_k62_members.csv,ok,
s_bird_350,resnet50_geirhos_tl,16,1,27.0,25.0,25,0.0,256.0,/home/hschatzle/data/storage-occ-v2/repos/monte-carlo-selection/results/occlusion/bgmm_generated_size16_both_models/source_resnet50_geirhos_tl/size_32/s_bird_350/s_bird_350_size32_top1cluster_mean_contour_k27.jsonl,/home/hschatzle/data/storage-occ-v2/repos/monte-carlo-selection/results/occlusion/bgmm_generated_size16_both_models/source_resnet50_geirhos_tl/size_32/s_bird_350/s_bird_350_size32_top1cluster_mean_contour_k27.npz,/home/hschatzle/data/storage-occ-v2/repos/monte-carlo-selection/results/occlusion/bgmm_generated_size16_both_models/source_resnet50_geirhos_tl/size_32/s_bird_350/s_bird_350_size32_top1cluster_mean_contour_k27.png,/home/hschatzle/data/storage-occ-v2/repos/monte-carlo-selection/results/occlusion/bgmm_generated_size16_both_models/source_resnet50_geirhos_tl/size_32/s_bird_350/s_bird_350_size32_top1cluster_mean_contour_k27_members.csv,ok,
s_butterfly_11,resnet50_geirhos_tl,16,1,28.0,25.0,25,0.0,256.0,/home/hschatzle/data/storage-occ-v2/repos/monte-carlo-selection/results/occlusion/bgmm_generated_size16_both_models/source_resnet50_geirhos_tl/size_32/s_butterfly_11/s_butterfly_11_size32_top1cluster_mean_contour_k28.jsonl,/home/hschatzle/data/storage-occ-v2/repos/monte-carlo-selection/results/occlusion/bgmm_generated_size16_both_models/source_resnet50_geirhos_tl/size_32/s_butterfly_11/s_butterfly_11_size32_top1cluster_mean_contour_k28.npz,/home/hschatzle/data/storage-occ-v2/repos/monte-carlo-selection/results/occlusion/bgmm_generated_size16_both_models/source_resnet50_geirhos_tl/size_32/s_butterfly_11/s_butterfly_11_size32_top1cluster_mean_contour_k28.png,/home/hschatzle/data/storage-occ-v2/repos/monte-carlo-selection/results/occlusion/bgmm_generated_size16_both_models/source_resnet50_geirhos_tl/size_32/s_butterfly_11/s_butterfly_11_size32_top1cluster_mean_contour_k28_members.csv,ok,
s_butterfly_144,resnet50_geirhos_tl,16,1,15.0,25.0,25,0.0,256.0,/home/hschatzle/data/storage-occ-v2/repos/monte-carlo-selection/results/occlusion/bgmm_generated_size16_both_models/source_resnet50_geirhos_tl/size_32/s_butterfly_144/s_butterfly_144_size32_top1cluster_mean_contour_k15.jsonl,/home/hschatzle/data/storage-occ-v2/repos/monte-carlo-selection/results/occlusion/bgmm_generated_size16_both_models/source_resnet50_geirhos_tl/size_32/s_butterfly_144/s_butterfly_144_size32_top1cluster_mean_contour_k15.npz,/home/hschatzle/data/storage-occ-v2/repos/monte-carlo-selection/results/occlusion/bgmm_generated_size16_both_models/source_resnet50_geirhos_tl/size_32/s_butterfly_144/s_butterfly_144_size32_top1cluster_mean_contour_k15.png,/home/hschatzle/data/storage-occ-v2/repos/monte-carlo-selection/results/occlusion/bgmm_generated_size16_both_models/source_resnet50_geirhos_tl/size_32/s_butterfly_144/s_butterfly_144_size32_top1cluster_mean_contour_k15_members.csv,ok,
s_butterfly_350,resnet50_geirhos_tl,16,1,41.0,25.0,25,0.0,256.0,/home/hschatzle/data/storage-occ-v2/repos/monte-carlo-selection/results/occlusion/bgmm_generated_size16_both_models/source_resnet50_geirhos_tl/size_32/s_butterfly_350/s_butterfly_350_size32_top1cluster_mean_contour_k41.jsonl,/home/hschatzle/data/storage-occ-v2/repos/monte-carlo-selection/results/occlusion/bgmm_generated_size16_both_models/source_resnet50_geirhos_tl/size_32/s_butterfly_350/s_butterfly_350_size32_top1cluster_mean_contour_k41.npz,/home/hschatzle/data/storage-occ-v2/repos/monte-carlo-selection/results/occlusion/bgmm_generated_size16_both_models/source_resnet50_geirhos_tl/size_32/s_butterfly_350/s_butterfly_350_size32_top1cluster_mean_contour_k41.png,/home/hschatzle/data/storage-occ-v2/repos/monte-carlo-selection/results/occlusion/bgmm_generated_size16_both_models/source_resnet50_geirhos_tl/size_32/s_butterfly_350/s_butterfly_350_size32_top1cluster_mean_contour_k41_members.csv,ok,
s_butterfly_560,resnet50_geirhos_tl,16,1,54.0,25.0,25,0.0,256.0,/home/hschatzle/data/storage-occ-v2/repos/monte-carlo-selection/results/occlusion/bgmm_generated_size16_both_models/source_resnet50_geirhos_tl/size_32/s_butterfly_560/s_butterfly_560_size32_top1cluster_mean_contour_k54.jsonl,/home/hschatzle/data/storage-occ-v2/repos/monte-carlo-selection/results/occlusion/bgmm_generated_size16_both_models/source_resnet50_geirhos_tl/size_32/s_butterfly_560/s_butterfly_560_size32_top1cluster_mean_contour_k54.npz,/home/hschatzle/data/storage-occ-v2/repos/monte-carlo-selection/results/occlusion/bgmm_generated_size16_both_models/source_resnet50_geirhos_tl/size_32/s_butterfly_560/s_butterfly_560_size32_top1cluster_mean_contour_k54.png,/home/hschatzle/data/storage-occ-v2/repos/monte-carlo-selection/results/occlusion/bgmm_generated_size16_both_models/source_resnet50_geirhos_tl/size_32/s_butterfly_560/s_butterfly_560_size32_top1cluster_mean_contour_k54_members.csv,ok,
s_fish_350,resnet50_geirhos_tl,16,1,2.0,25.0,25,0.0,256.0,/home/hschatzle/data/storage-occ-v2/repos/monte-carlo-selection/results/occlusion/bgmm_generated_size16_both_models/source_resnet50_geirhos_tl/size_32/s_fish_350/s_fish_350_size32_top1cluster_mean_contour_k2.jsonl,/home/hschatzle/data/storage-occ-v2/repos/monte-carlo-selection/results/occlusion/bgmm_generated_size16_both_models/source_resnet50_geirhos_tl/size_32/s_fish_350/s_fish_350_size32_top1cluster_mean_contour_k2.npz,/home/hschatzle/data/storage-occ-v2/repos/monte-carlo-selection/results/occlusion/bgmm_generated_size16_both_models/source_resnet50_geirhos_tl/size_32/s_fish_350/s_fish_350_size32_top1cluster_mean_contour_k2.png,/home/hschatzle/data/storage-occ-v2/repos/monte-carlo-selection/results/occlusion/bgmm_generated_size16_both_models/source_resnet50_geirhos_tl/size_32/s_fish_350/s_fish_350_size32_top1cluster_mean_contour_k2_members.csv,ok,
s_fish_4,resnet50_geirhos_tl,16,1,,,0,,,,,,,failed,No hidden arcs extracted for case s_fish_4
s_fish_500,resnet50_geirhos_tl,16,1,34.0,25.0,25,0.0,256.0,/home/hschatzle/data/storage-occ-v2/repos/monte-carlo-selection/results/occlusion/bgmm_generated_size16_both_models/source_resnet50_geirhos_tl/size_32/s_fish_500/s_fish_500_size32_top1cluster_mean_contour_k34.jsonl,/home/hschatzle/data/storage-occ-v2/repos/monte-carlo-selection/results/occlusion/bgmm_generated_size16_both_models/source_resnet50_geirhos_tl/size_32/s_fish_500/s_fish_500_size32_top1cluster_mean_contour_k34.npz,/home/hschatzle/data/storage-occ-v2/repos/monte-carlo-selection/results/occlusion/bgmm_generated_size16_both_models/source_resnet50_geirhos_tl/size_32/s_fish_500/s_fish_500_size32_top1cluster_mean_contour_k34.png,/home/hschatzle/data/storage-occ-v2/repos/monte-carlo-selection/results/occlusion/bgmm_generated_size16_both_models/source_resnet50_geirhos_tl/size_32/s_fish_500/s_fish_500_size32_top1cluster_mean_contour_k34_members.csv,ok,
s_fish_600,resnet50_geirhos_tl,16,1,11.0,25.0,25,0.0,256.0,/home/hschatzle/data/storage-occ-v2/repos/monte-carlo-selection/results/occlusion/bgmm_generated_size16_both_models/source_resnet50_geirhos_tl/size_32/s_fish_600/s_fish_600_size32_top1cluster_mean_contour_k11.jsonl,/home/hschatzle/data/storage-occ-v2/repos/monte-carlo-selection/results/occlusion/bgmm_generated_size16_both_models/source_resnet50_geirhos_tl/size_32/s_fish_600/s_fish_600_size32_top1cluster_mean_contour_k11.npz,/home/hschatzle/data/storage-occ-v2/repos/monte-carlo-selection/results/occlusion/bgmm_generated_size16_both_models/source_resnet50_geirhos_tl/size_32/s_fish_600/s_fish_600_size32_top1cluster_mean_contour_k11.png,/home/hschatzle/data/storage-occ-v2/repos/monte-carlo-selection/results/occlusion/bgmm_generated_size16_both_models/source_resnet50_geirhos_tl/size_32/s_fish_600/s_fish_600_size32_top1cluster_mean_contour_k11_members.csv,ok,
s_fish_700,resnet50_geirhos_tl,16,1,4.0,25.0,5,20.0,256.0,/home/hschatzle/data/storage-occ-v2/repos/monte-carlo-selection/results/occlusion/bgmm_generated_size16_both_models/source_resnet50_geirhos_tl/size_32/s_fish_700/s_fish_700_size32_top1cluster_mean_contour_k4.jsonl,/home/hschatzle/data/storage-occ-v2/repos/monte-carlo-selection/results/occlusion/bgmm_generated_size16_both_models/source_resnet50_geirhos_tl/size_32/s_fish_700/s_fish_700_size32_top1cluster_mean_contour_k4.npz,/home/hschatzle/data/storage-occ-v2/repos/monte-carlo-selection/results/occlusion/bgmm_generated_size16_both_models/source_resnet50_geirhos_tl/size_32/s_fish_700/s_fish_700_size32_top1cluster_mean_contour_k4.png,/home/hschatzle/data/storage-occ-v2/repos/monte-carlo-selection/results/occlusion/bgmm_generated_size16_both_models/source_resnet50_geirhos_tl/size_32/s_fish_700/s_fish_700_size32_top1cluster_mean_contour_k4_members.csv,ok,
s_fish_800,resnet50_geirhos_tl,16,1,19.0,25.0,25,0.0,256.0,/home/hschatzle/data/storage-occ-v2/repos/monte-carlo-selection/results/occlusion/bgmm_generated_size16_both_models/source_resnet50_geirhos_tl/size_32/s_fish_800/s_fish_800_size32_top1cluster_mean_contour_k19.jsonl,/home/hschatzle/data/storage-occ-v2/repos/monte-carlo-selection/results/occlusion/bgmm_generated_size16_both_models/source_resnet50_geirhos_tl/size_32/s_fish_800/s_fish_800_size32_top1cluster_mean_contour_k19.npz,/home/hschatzle/data/storage-occ-v2/repos/monte-carlo-selection/results/occlusion/bgmm_generated_size16_both_models/source_resnet50_geirhos_tl/size_32/s_fish_800/s_fish_800_size32_top1cluster_mean_contour_k19.png,/home/hschatzle/data/storage-occ-v2/repos/monte-carlo-selection/results/occlusion/bgmm_generated_size16_both_models/source_resnet50_geirhos_tl/size_32/s_fish_800/s_fish_800_size32_top1cluster_mean_contour_k19_members.csv,ok,
s_fish_900,resnet50_geirhos_tl,16,1,40.0,25.0,25,0.0,256.0,/home/hschatzle/data/storage-occ-v2/repos/monte-carlo-selection/results/occlusion/bgmm_generated_size16_both_models/source_resnet50_geirhos_tl/size_32/s_fish_900/s_fish_900_size32_top1cluster_mean_contour_k40.jsonl,/home/hschatzle/data/storage-occ-v2/repos/monte-carlo-selection/results/occlusion/bgmm_generated_size16_both_models/source_resnet50_geirhos_tl/size_32/s_fish_900/s_fish_900_size32_top1cluster_mean_contour_k40.npz,/home/hschatzle/data/storage-occ-v2/repos/monte-carlo-selection/results/occlusion/bgmm_generated_size16_both_models/source_resnet50_geirhos_tl/size_32/s_fish_900/s_fish_900_size32_top1cluster_mean_contour_k40.png,/home/hschatzle/data/storage-occ-v2/repos/monte-carlo-selection/results/occlusion/bgmm_generated_size16_both_models/source_resnet50_geirhos_tl/size_32/s_fish_900/s_fish_900_size32_top1cluster_mean_contour_k40_members.csv,ok,
s_oyster_350,resnet50_geirhos_tl,16,1,,,0,,,,,,,failed,No hidden arcs extracted for case s_oyster_350
s_oyster_4,resnet50_geirhos_tl,16,1,,,0,,,,,,,failed,No hidden arcs extracted for case s_oyster_4
