case_id,model_type,occluder_size,case_base_id,n_clusters,debiased_entropy,max_debiased_mass_prop,top2_debiased_mass_prop,effective_n_hypotheses,sum_mass_debias_nonnegative,mean_cluster_n_shapes
ns_cow_202,shape_biased,8,ns_cow_202,10.0,1.948985462280404,0.3783189477381925,0.5000042712392919,7.021560327964174,7144.78211905086,25.0
ns_cow_202,shape_biased,16,ns_cow_202,10.0,2.2871604420620955,0.14659093141664664,0.25873678894224716,9.846936997091003,2961.3437757234733,25.0
ns_cow_202,shape_biased,32,ns_cow_202,10.0,2.2517649371961417,0.14885534050164226,0.29649307452589435,9.504495880104956,4418.7574910964895,25.0
ns_cow_202,shape_biased,64,ns_cow_202,10.0,2.2191882474829145,0.18914488359224643,0.3637970911667434,9.199859824604761,4698.2742369468215,25.0
ns_cow_202,texture_biased,8,ns_cow_202,10.0,2.302585067028152,0.10003543568406179,0.20006068988526446,9.999999740341066,1256.818502377398,25.0
ns_cow_202,texture_biased,16,ns_cow_202,10.0,2.3025850254654223,0.10005711686574467,0.20009947039849943,9.999999324713789,1312.0662383375893,25.0
ns_cow_202,texture_biased,32,ns_cow_202,10.0,2.2174822412512727,0.1969948130778794,0.3749833392878461,9.18417818670314,2425.876244796696,25.0
ns_cow_202,texture_biased,64,ns_cow_202,10.0,2.2918560396244025,0.12876852856652643,0.242488427058155,9.893282976328862,4273.027236315437,25.0
ns_cow_205,shape_biased,8,ns_cow_205,10.0,2.295750501833843,0.10976611746766075,0.21908730672558446,9.931887115395963,1856.088200274383,25.0
ns_cow_205,shape_biased,16,ns_cow_205,10.0,2.067462924790696,0.2539138821289701,0.48681406110169395,7.904742729078381,4024.616378271562,25.0
ns_cow_205,shape_biased,32,ns_cow_205,10.0,2.274614022557592,0.16313939426438026,0.2873701999946847,9.724164979792052,3002.9339867687577,25.0
ns_cow_205,shape_biased,64,ns_cow_205,10.0,2.2544156815639256,0.17633243669434698,0.31124478869284283,9.529723289963485,3385.628642060354,25.0
ns_cow_205,texture_biased,8,ns_cow_205,10.0,2.3025850669701518,0.1000359802735353,0.20005968243373934,9.999999739761064,1256.7871499020384,25.0
ns_cow_205,texture_biased,16,ns_cow_205,10.0,2.2535847438589687,0.18546393611773115,0.30132841019349677,9.521807972587307,2222.809149162612,25.0
ns_cow_205,texture_biased,32,ns_cow_205,10.0,2.3025850378649415,0.10005055520497905,0.2000904912386895,9.999999448708973,1954.6605908734164,25.0
ns_cow_205,texture_biased,64,ns_cow_205,10.0,2.232132837798283,0.22426169722296602,0.3247013961473447,9.319722352954999,2924.300550609855,25.0
ns_cow_350,shape_biased,8,ns_cow_350,10.0,2.2677641693232586,0.12199825978821932,0.24373576862822077,9.657783488145796,2395.6016736421766,25.0
ns_cow_350,shape_biased,16,ns_cow_350,10.0,2.2400681236359885,0.16999168267462242,0.31458496622707904,9.393971217121047,3707.5058916016105,25.0
ns_cow_350,shape_biased,32,ns_cow_350,10.0,2.0808501057041404,0.2930192531499097,0.47173672750017115,8.01127645213241,5348.339413417757,25.0
ns_cow_350,shape_biased,64,ns_cow_350,10.0,2.2924215207781566,0.12661114240708282,0.24472201754174014,9.898879023481213,3905.9767389687845,25.0
ns_cow_350,texture_biased,8,ns_cow_350,10.0,2.3025850673296615,0.1000348105943855,0.20006206593147893,9.999999743356161,1256.8529273071404,25.0
ns_cow_350,texture_biased,16,ns_cow_350,10.0,2.2989474071245475,0.10750924989148494,0.2148418115151623,9.963689224942653,1412.1495335123466,25.0
ns_cow_350,texture_biased,32,ns_cow_350,10.0,2.258636985744635,0.17959330077650446,0.32312305048925044,9.570036177345798,2383.723950976422,25.0
ns_cow_350,texture_biased,64,ns_cow_350,10.0,2.198284907179482,0.19197475872413483,0.3586103202279479,9.009548029725224,4898.351973232723,25.0
ns_cow_510,shape_biased,8,ns_cow_510,10.0,2.2886123129822713,0.12360151817694594,0.2471397852156063,9.86124386191723,1904.325451039945,25.0
ns_cow_510,shape_biased,16,ns_cow_510,10.0,2.1667165227817375,0.20183285073001614,0.3727602772269938,8.729573575495758,3819.880572551988,25.0
ns_cow_510,shape_biased,32,ns_cow_510,10.0,2.292365484700097,0.1401764212003027,0.24801685592259998,9.89832434466471,2456.87626290795,25.0
ns_cow_510,shape_biased,64,ns_cow_510,10.0,2.2419355616422676,0.16593741617976046,0.30351345166087695,9.411530266116674,4771.217908382027,25.0
ns_cow_510,texture_biased,8,ns_cow_510,10.0,2.302585068096073,0.10003446818537125,0.2000615430555726,9.999999751020274,1256.7833602345117,25.0
ns_cow_510,texture_biased,16,ns_cow_510,10.0,2.301168632814807,0.11633706816761391,0.21456711137113288,9.985845425269938,1290.2215546165178,25.0
ns_cow_510,texture_biased,32,ns_cow_510,10.0,2.289553098006536,0.14633525540495546,0.2605512960503203,9.8705255378094,1803.2349945180306,25.0
ns_cow_510,texture_biased,64,ns_cow_510,10.0,2.299815695944361,0.12299608322920724,0.2213562500786509,9.972344341927647,1439.9114720730554,25.0
ns_cow_780,shape_biased,8,ns_cow_780,10.0,2.302585060139287,0.10003858901209686,0.20006972319772737,9.999999671452418,1467.8136670410452,25.0
ns_cow_780,shape_biased,16,ns_cow_780,10.0,2.2346730245900965,0.19977326731998618,0.32385123025242935,9.343426282037232,3493.51252422807,25.0
ns_cow_780,shape_biased,32,ns_cow_780,10.0,2.2889018700436736,0.13045513323988892,0.24925496920433832,9.864099668151134,2504.4819137630884,25.0
ns_cow_780,shape_biased,64,ns_cow_780,10.0,2.273480763214386,0.15971391808538551,0.2804169543101342,9.713151220875153,4069.5728159239343,25.0
ns_cow_780,texture_biased,8,ns_cow_780,10.0,2.3025850678775583,0.1000345226552365,0.20006156302109557,9.99999974883513,1256.802485532146,25.0
ns_cow_780,texture_biased,16,ns_cow_780,10.0,2.3025850624132933,0.10004210318213246,0.20007762146747043,9.99999969419248,1289.8313703526328,25.0
ns_cow_780,texture_biased,32,ns_cow_780,10.0,2.21679937662987,0.23877790596640394,0.33347084190301945,9.177908777165388,1765.1676722166435,25.0
ns_cow_780,texture_biased,64,ns_cow_780,10.0,2.3025620244558143,0.100644486694603,0.201086288096397,9.999769317278453,1498.721864862178,25.0
ns_dog_105,shape_biased,8,ns_dog_105,10.0,2.2040290693604634,0.25458115161876027,0.3458625977922487,9.061449256609219,2225.828436094184,25.0
ns_dog_105,shape_biased,16,ns_dog_105,10.0,2.1490144965500058,0.27886569944779865,0.42188378729985887,8.576402157121041,2733.44680848001,25.0
ns_dog_105,shape_biased,32,ns_dog_105,10.0,2.255760896641797,0.19559128845381454,0.30551309629889745,9.542551443799576,3156.606966546113,25.0
ns_dog_105,shape_biased,64,ns_dog_105,10.0,2.1920759555866507,0.1939541581790085,0.3865618686400456,8.9537814871719,5036.209365100682,25.0
ns_dog_105,texture_biased,8,ns_dog_105,10.0,2.302585067501928,0.10003448647545897,0.2000620142634285,9.999999745078828,1256.8685948617906,25.0
ns_dog_105,texture_biased,16,ns_dog_105,10.0,2.3025847991546033,0.1001183164941888,0.20020013435960343,9.999997061606008,1548.0178019543262,25.0
ns_dog_105,texture_biased,32,ns_dog_105,10.0,2.3025850453121537,0.10005051664862737,0.20008710692662235,9.99999952318109,1305.9045805330572,25.0
ns_dog_105,texture_biased,64,ns_dog_105,10.0,2.2991399635159775,0.10503111852726575,0.20955114896060512,9.96560798171365,1940.6653471801424,25.0
ns_dog_214,shape_biased,8,ns_dog_214,10.0,2.253223107029943,0.19295999107765108,0.3204154880799463,9.518365158707178,2959.377198494837,25.0
ns_dog_214,shape_biased,16,ns_dog_214,10.0,2.277531356469698,0.1525992664632228,0.2738248094471756,9.752575036716324,2842.845583323676,25.0
ns_dog_214,shape_biased,32,ns_dog_214,10.0,2.2794637475689465,0.14071985791824593,0.28094758240208,9.771439046364135,3455.2026050582726,25.0
ns_dog_214,shape_biased,64,ns_dog_214,10.0,2.269009051116536,0.15122304772677408,0.29968201138648376,9.669813773561602,2570.9095379830374,25.0
ns_dog_214,texture_biased,8,ns_dog_214,10.0,2.3025850674845536,0.10003473993994386,0.20006199802462715,9.999999744905082,1256.8201189328263,25.0
ns_dog_214,texture_biased,16,ns_dog_214,10.0,2.2959902695508116,0.12369760878774866,0.24718998274701848,9.934268746802564,1343.7132880587358,25.0
ns_dog_214,texture_biased,32,ns_dog_214,10.0,2.302585016841259,0.10005917155190826,0.20010601347354467,9.999999238472164,2208.2427022164184,25.0
ns_dog_214,texture_biased,64,ns_dog_214,10.0,2.3025850694786385,0.10003580982389501,0.20006399159373994,9.999999764845931,1280.2003660339851,25.0
ns_dog_350,shape_biased,8,ns_dog_350,10.0,2.2949363088315966,0.11316176969073638,0.22625518897316427,9.923803933489115,1912.380398283713,25.0
ns_dog_350,shape_biased,16,ns_dog_350,10.0,2.3025839034464397,0.10022916158042634,0.20041142944138324,9.999988104531015,1811.8434803015216,25.0
ns_dog_350,shape_biased,32,ns_dog_350,10.0,2.1922792850260198,0.2054215652256063,0.3817329730479483,8.955602239641935,3895.0856163234857,25.0
ns_dog_350,shape_biased,64,ns_dog_350,10.0,2.2050500167387845,0.23994156165940975,0.3705295852367924,9.070705243605387,3339.8968494458586,25.0
ns_dog_350,texture_biased,8,ns_dog_350,10.0,2.3025850681449036,0.10003449590156853,0.2000620222000909,9.999999751508582,1256.792999187373,25.0
ns_dog_350,texture_biased,16,ns_dog_350,10.0,2.2990128143082065,0.11358778973727085,0.22644219031405244,9.964340943107002,1336.0904307352105,25.0
ns_dog_350,texture_biased,32,ns_dog_350,10.0,2.298444909586812,0.12825018099850743,0.22619512093606764,9.958683753364255,1610.40414957363,25.0
ns_dog_350,texture_biased,64,ns_dog_350,10.0,2.243496755887308,0.20838510338689553,0.3328444618176237,9.426234968466817,2486.723493427387,25.0
ns_dog_69,shape_biased,8,ns_dog_69,10.0,2.302573612776181,0.1012168723205357,0.2016334348342488,9.999885198480328,1549.661899459238,25.0
ns_dog_69,shape_biased,16,ns_dog_69,10.0,2.2715899541196545,0.17241099185501968,0.2825068899325318,9.694802858300159,3066.0287407189517,25.0
ns_dog_69,shape_biased,32,ns_dog_69,10.0,2.2823558287521433,0.14911907539967295,0.2751008106109166,9.79973974559684,3066.0227430215828,25.0
ns_dog_69,shape_biased,64,ns_dog_69,10.0,1.5431344222089685,0.479806365769627,0.7355602725625512,4.67923400416142,8227.252331832435,25.0
ns_dog_69,texture_biased,8,ns_dog_69,10.0,2.302585068921616,0.10003485616787403,0.20006117758155884,9.999999759275706,1256.78195645639,25.0
ns_dog_69,texture_biased,16,ns_dog_69,10.0,2.290515943150652,0.11958525326840881,0.2390127883505534,9.880033902200015,1735.5940331191111,25.0
ns_dog_69,texture_biased,32,ns_dog_69,10.0,2.2942640140092068,0.1398492958462979,0.24036655202019686,9.9171344536658,1460.0259641985901,25.0
ns_dog_69,texture_biased,64,ns_dog_69,10.0,2.2471586068660137,0.20430875928716746,0.3263083152250795,9.460815712335469,2787.444834234429,25.0
ns_dog_780,shape_biased,8,ns_dog_780,10.0,2.301332168036194,0.10283764252603263,0.20562817409877196,9.987478596249144,1832.8292192977424,25.0
ns_dog_780,shape_biased,16,ns_dog_780,10.0,2.281961932154428,0.13920694266302708,0.26970349214138845,9.795880421589754,2898.6612121452654,25.0
ns_dog_780,shape_biased,32,ns_dog_780,10.0,2.255577253631826,0.19012740556868646,0.3169699944484115,9.54079918182989,2842.1549587880477,25.0
ns_dog_780,shape_biased,64,ns_dog_780,10.0,2.2746618725899665,0.15478313521856132,0.2788120863062011,9.724630292533678,4436.741316734973,25.0
ns_dog_780,texture_biased,16,ns_dog_780,10.0,2.290088209482476,0.13924751321007825,0.24697128359118306,9.875808782734667,1423.7699720459605,25.0
ns_dog_780,texture_biased,32,ns_dog_780,10.0,2.298301977039073,0.12886457796187045,0.2259436394943279,9.95726043504494,1541.2039319581788,25.0
ns_dog_780,texture_biased,64,ns_dog_780,10.0,2.3018639319321723,0.10702123905432345,0.20945355810597788,9.99279098912267,1387.56974651213,25.0
ns_elephant_100,shape_biased,8,ns_elephant_100,10.0,2.3025737662338743,0.10099234644047422,0.2015442425950007,9.99988673303976,1454.026247124941,25.0
ns_elephant_100,shape_biased,16,ns_elephant_100,10.0,2.0656067103787352,0.3258751246613765,0.44352213913185445,7.890083441301531,5633.017528642749,25.0
ns_elephant_100,shape_biased,32,ns_elephant_100,10.0,2.2736155086350296,0.13622636659954795,0.27242491187645956,9.714460111703726,2194.562667573918,25.0
ns_elephant_100,shape_biased,64,ns_elephant_100,10.0,2.2800195754303387,0.13753421362340218,0.2639879768681062,9.776871794128418,3667.2550436256674,25.0
ns_elephant_100,texture_biased,8,ns_elephant_100,10.0,2.3025850679431157,0.10003435941213118,0.20006140878884893,9.999999749490703,1256.7681423750876,25.0
ns_elephant_100,texture_biased,16,ns_elephant_100,10.0,2.271749538940046,0.1393884528898522,0.2640195747561623,9.6963501251299,3856.2740925521466,25.0
ns_elephant_100,texture_biased,32,ns_elephant_100,10.0,1.9750820832890086,0.3668081925856492,0.5211623794260839,7.207211221142851,6523.961822292963,25.0
ns_elephant_100,texture_biased,64,ns_elephant_100,10.0,1.9876548502246076,0.34653460795770996,0.4831683234111644,7.298397840954643,6359.648115033612,25.0
ns_elephant_109,shape_biased,8,ns_elephant_109,10.0,2.2915336501546704,0.12930817422210378,0.2571770600094856,9.890094000150004,2052.9501902322804,25.0
ns_elephant_109,shape_biased,16,ns_elephant_109,10.0,2.1999330329566678,0.22153228735396482,0.3729413106417294,9.024409141200298,3544.1571203579747,25.0
ns_elephant_109,shape_biased,32,ns_elephant_109,10.0,2.282804211575594,0.1287081208322545,0.25355676443315156,9.804134765825209,2845.7940227957174,25.0
ns_elephant_109,shape_biased,64,ns_elephant_109,10.0,2.2953213009685576,0.1146974303595054,0.2277534141993599,9.927625255514517,3468.291249923522,25.0
ns_elephant_109,texture_biased,8,ns_elephant_109,10.0,2.302585068167786,0.10003457157568273,0.20006330695084815,9.999999751737407,1256.762351628872,25.0
ns_elephant_109,texture_biased,16,ns_elephant_109,10.0,2.302585067877139,0.10003456565548952,0.2000616061944941,9.999999748830938,1256.7966488248421,25.0
ns_elephant_109,texture_biased,32,ns_elephant_109,10.0,2.291352838498633,0.13014182864608573,0.2599917406544303,9.888305917533431,1365.3101865109227,25.0
ns_elephant_109,texture_biased,64,ns_elephant_109,10.0,2.100469862319658,0.2935739986207778,0.4336309992227294,8.170007789671802,3865.5466253912905,25.0
ns_elephant_350,shape_biased,8,ns_elephant_350,10.0,2.2531331740775613,0.19994308877035014,0.2996274904406042,9.517509182517419,2070.400969756618,25.0
ns_elephant_350,shape_biased,16,ns_elephant_350,10.0,2.2460528147439422,0.15313852404320805,0.30579297675441786,9.45035979895116,2508.0948698294114,25.0
ns_elephant_350,shape_biased,32,ns_elephant_350,10.0,2.2495931957809128,0.15962474102798632,0.3138450609547483,9.483876970345413,3882.1531322491282,25.0
ns_elephant_350,shape_biased,64,ns_elephant_350,10.0,2.271741852561084,0.1675057544938292,0.29279252072686496,9.69627559559472,3607.109491829358,25.0
ns_elephant_350,texture_biased,8,ns_elephant_350,10.0,2.3025848753661293,0.10009684273416777,0.20017554940588428,9.999997823721072,3586.0145668185482,25.0
ns_elephant_350,texture_biased,16,ns_elephant_350,10.0,2.277925047327394,0.1485368720636777,0.28831856068190737,9.75641529223442,2071.457723127699,25.0
ns_elephant_350,texture_biased,32,ns_elephant_350,10.0,2.2892174331085426,0.15052095524979012,0.2505841108491336,9.867212904860013,1863.457489738668,25.0
ns_elephant_350,texture_biased,64,ns_elephant_350,10.0,2.255812657409836,0.15723604459421328,0.313318554053148,9.543045386374674,1757.9502657141684,25.0
ns_elephant_47,shape_biased,8,ns_elephant_47,10.0,2.2943531953926715,0.11529402904885265,0.2304184065527351,9.918018916874624,1976.6372457784591,25.0
ns_elephant_47,shape_biased,16,ns_elephant_47,10.0,2.1660453409370404,0.23228400129197746,0.3867714362858715,8.723716410031377,2785.8135686079363,25.0
ns_elephant_47,shape_biased,32,ns_elephant_47,10.0,2.248671235408366,0.17639858063709601,0.33084540485846065,9.475137241061752,4970.718050424915,25.0
ns_elephant_47,shape_biased,64,ns_elephant_47,10.0,2.0719730636958236,0.34393396463639575,0.4396349231184488,7.940474734379699,5069.253887602215,25.0
ns_elephant_47,texture_biased,8,ns_elephant_47,10.0,2.302584580183969,0.10014450884512636,0.2002629751636063,9.999994871900546,5017.22798390213,25.0
ns_elephant_47,texture_biased,16,ns_elephant_47,10.0,2.3025850668969774,0.10003490275595234,0.20006335454257687,9.99999973902932,1256.9603568908078,25.0
ns_elephant_47,texture_biased,32,ns_elephant_47,10.0,2.268805864087116,0.1826642443043581,0.28176227331798587,9.66784919242137,1508.6327682948033,25.0
ns_elephant_47,texture_biased,64,ns_elephant_47,10.0,2.2305428352136394,0.18475569838340755,0.3152481092088849,9.304915744717713,3093.969235634448,25.0
ns_elephant_780,shape_biased,8,ns_elephant_780,10.0,2.302578751488288,0.1003642656512145,0.20067350620583232,9.999936585143496,1633.5734737091839,25.0
ns_elephant_780,shape_biased,16,ns_elephant_780,10.0,2.2970923078810275,0.11399294825678151,0.2258714837839031,9.945222726488323,2786.6088613235506,25.0
ns_elephant_780,shape_biased,32,ns_elephant_780,10.0,2.2946600554747523,0.13005680615864618,0.23892319892337047,9.921062827977055,2370.787342217262,25.0
ns_elephant_780,shape_biased,64,ns_elephant_780,10.0,2.1984696845164606,0.19565504592024535,0.3733031903462509,9.011212943831998,5828.914311013195,25.0
ns_elephant_780,texture_biased,8,ns_elephant_780,10.0,2.3025850679242654,0.10003442183652664,0.20006160003170814,9.9999997493022,1256.7854660679006,25.0
ns_elephant_780,texture_biased,16,ns_elephant_780,10.0,2.302585061538011,0.10003849552894162,0.2000687819049051,9.999999685439656,1456.6962603517031,25.0
ns_elephant_780,texture_biased,32,ns_elephant_780,10.0,2.247570142901031,0.2067781284169922,0.32243502092629484,9.464709980182567,1775.5926129082764,25.0
ns_elephant_780,texture_biased,64,ns_elephant_780,10.0,2.1741408850872723,0.21413963383183143,0.3856782953127126,8.794626281106012,5373.643838387608,25.0
ns_lion_350,shape_biased,8,ns_lion_350,10.0,2.273438759275102,0.1554406524575974,0.2809910438883398,9.7127432388295,2095.8952841251325,25.0
ns_lion_350,shape_biased,16,ns_lion_350,10.0,2.1972651940126005,0.20791067986450382,0.36843967808301725,9.000365557511245,4625.793193563687,25.0
ns_lion_350,shape_biased,32,ns_lion_350,10.0,2.2920649489857987,0.1341307181246779,0.25106328917544485,9.895349991659467,3354.319672089043,25.0
ns_lion_350,shape_biased,64,ns_lion_350,10.0,2.2569579960954296,0.16343941807389667,0.32198870010752145,9.553981667111248,4020.00296296279,25.0
ns_lion_350,texture_biased,8,ns_lion_350,10.0,2.302585068163793,0.10003426104656228,0.20006112679994753,9.999999751697475,1256.779000142135,25.0
ns_lion_350,texture_biased,16,ns_lion_350,10.0,2.2985053990250357,0.1261427190012357,0.23079543785891948,9.959286166769584,1667.7543735508762,25.0
ns_lion_350,texture_biased,32,ns_lion_350,10.0,2.301637381195459,0.11035799443742093,0.21530085911236352,9.99052737138408,2126.8410415239427,25.0
ns_lion_350,texture_biased,64,ns_lion_350,10.0,2.2518947734477455,0.16084885508215166,0.30070768838574674,9.505729988337674,4083.1388604459557,25.0
ns_lion_560,shape_biased,8,ns_lion_560,10.0,2.2687119008675785,0.16896942909453372,0.30515354115459187,9.666940812863048,2927.4688883359736,25.0
ns_lion_560,shape_biased,16,ns_lion_560,10.0,2.2774438399759864,0.1464296189561612,0.2779587990530453,9.751721562891516,2974.191854114408,25.0
ns_lion_560,shape_biased,32,ns_lion_560,10.0,2.2727586355029747,0.16640429487727978,0.2795850312123188,9.706139617154799,4148.0501508392335,25.0
ns_lion_560,shape_biased,64,ns_lion_560,10.0,2.2925559882590894,0.1201627488949168,0.23572412008798588,9.900210190304877,4102.207523270143,25.0
ns_lion_560,texture_biased,8,ns_lion_560,10.0,2.302585067668627,0.10003476210481484,0.20006193694344632,9.999999746745814,1256.8588567925256,25.0
ns_lion_560,texture_biased,16,ns_lion_560,10.0,2.3025850681721463,0.10003395018746274,0.20006102821430405,9.999999751781008,1256.73138241695,25.0
ns_lion_560,texture_biased,32,ns_lion_560,10.0,2.2724202070761415,0.12066502371627455,0.2410167789314421,9.702855339371368,2515.2436180906893,25.0
ns_lion_560,texture_biased,64,ns_lion_560,10.0,2.167247708839599,0.21519081020090156,0.429072046756283,8.734211835050482,1925.4770138684157,25.0
ns_lion_650,shape_biased,8,ns_lion_650,10.0,2.2837474890950094,0.13073128600274148,0.24805747679000142,9.813387148843539,2836.185404335659,25.0
ns_lion_650,shape_biased,16,ns_lion_650,10.0,2.2559926412689273,0.1878413818632995,0.31580755721500375,9.544763135089681,2743.741114632855,25.0
ns_lion_650,shape_biased,32,ns_lion_650,10.0,2.234754192159082,0.16725003761765905,0.3264808868145478,9.344184696013434,3743.257702771268,25.0
ns_lion_650,shape_biased,64,ns_lion_650,10.0,2.2816994445449232,0.14593230651858313,0.28117034978176336,9.793309461792202,2641.7129533874827,25.0
ns_lion_650,texture_biased,8,ns_lion_650,10.0,2.3025850679944755,0.10003428646633189,0.20006148706084392,9.999999750004301,1256.7957208452672,25.0
ns_lion_650,texture_biased,16,ns_lion_650,10.0,2.2899825919118064,0.1507863375418818,0.2455106387329162,9.874765778883372,1449.6178814648747,25.0
ns_lion_650,texture_biased,32,ns_lion_650,10.0,2.1781557410595944,0.2140972621492343,0.3751036162457545,8.83000641450043,3145.8257531663558,25.0
ns_lion_650,texture_biased,64,ns_lion_650,10.0,2.2605644342728493,0.1713528895227992,0.3076983446091573,9.588499717536372,3450.706867511071,25.0
ns_lion_780,shape_biased,8,ns_lion_780,10.0,2.2552189387258212,0.1606231988678629,0.31851587898729794,9.537381183664259,2371.863980539153,25.0
ns_lion_780,shape_biased,16,ns_lion_780,10.0,2.2585875551179218,0.15849632268796437,0.2905628263487383,9.569563136151341,2661.288614158918,25.0
ns_lion_780,shape_biased,32,ns_lion_780,10.0,2.2241348829578937,0.17304039189808929,0.3328806225900877,9.245480920016526,3754.1506782901433,25.0
ns_lion_780,shape_biased,64,ns_lion_780,10.0,2.15004988178949,0.27455018036434736,0.4199009310399284,8.585286635957832,5489.531583619494,25.0
ns_lion_780,texture_biased,8,ns_lion_780,10.0,2.302585067303653,0.10003501063048682,0.200062262307423,9.999999743096076,1256.8113785118462,25.0
ns_lion_780,texture_biased,16,ns_lion_780,10.0,2.2599835106350694,0.1973025249117291,0.2931592368056863,9.582931149012754,1808.2803317789178,25.0
ns_lion_780,texture_biased,32,ns_lion_780,10.0,2.2568423625635603,0.17220479101914304,0.32733069024619427,9.552876970338891,2185.4829883358793,25.0
ns_lion_780,texture_biased,64,ns_lion_780,10.0,2.302075535121329,0.10205267864537476,0.20385914348191816,9.994905719298478,1802.3556979578887,25.0
ns_lion_801,shape_biased,8,ns_lion_801,10.0,2.2484396684571033,0.16608861229414684,0.31623453513830446,9.472943366442276,3583.543645361157,25.0
ns_lion_801,shape_biased,16,ns_lion_801,10.0,2.281637286821994,0.1520959459219813,0.2734952708060103,9.792700750894353,3001.784766382811,25.0
ns_lion_801,shape_biased,32,ns_lion_801,10.0,2.2107455166717536,0.2311001043117538,0.3540176328910443,9.122514845451223,4165.622457763473,25.0
ns_lion_801,shape_biased,64,ns_lion_801,10.0,2.1217344131542,0.23471653348276603,0.40768431608789757,8.345599660201499,7164.514864691302,25.0
ns_lion_801,texture_biased,8,ns_lion_801,10.0,2.3025850442621594,0.10005427017344212,0.20008910271418973,9.999999512681148,1334.277257737243,25.0
ns_lion_801,texture_biased,16,ns_lion_801,10.0,2.2976194186531123,0.12325092141718282,0.23389587592001843,9.95046634238004,1718.0574952765155,25.0
ns_lion_801,texture_biased,32,ns_lion_801,10.0,2.170280268095312,0.24791741160707628,0.3721059989118696,8.760739052341778,7385.622780527451,25.0
ns_lion_801,texture_biased,64,ns_lion_801,10.0,2.2822632011139583,0.15028527385269858,0.2792749235912548,9.798832060888373,2877.624063763089,25.0
s_bird_111,shape_biased,8,s_bird_111,10.0,2.287610818300701,0.13845947088807697,0.26016151727848524,9.851372822357707,1971.6863356435388,25.0
s_bird_111,shape_biased,16,s_bird_111,10.0,2.2448913472780543,0.20453393138517925,0.32504240411349505,9.439389885335833,3034.957664939775,25.0
s_bird_111,shape_biased,32,s_bird_111,10.0,2.261570321398496,0.16057930283006805,0.30807877475029033,9.598149518448114,4484.0702525974975,25.0
s_bird_111,shape_biased,64,s_bird_111,10.0,2.257656823697075,0.17003620168589484,0.2992211071490849,9.560660586640687,4243.160656359835,25.0
s_bird_111,texture_biased,8,s_bird_111,10.0,2.3025754485216527,0.10048645264613458,0.2009138924304546,9.999903555741149,9999.999999989986,25.0
s_bird_111,texture_biased,16,s_bird_111,10.0,2.301615357087096,0.11346567056226524,0.21200663157105026,9.990307341349636,1284.0208150308413,25.0
s_bird_111,texture_biased,32,s_bird_111,10.0,2.302584974090915,0.10006353209035992,0.20012468688053558,9.999998810968764,1307.8631392441237,25.0
s_bird_111,texture_biased,64,s_bird_111,10.0,2.302584822079555,0.1001001385961143,0.20018377943796833,9.999997290855461,1389.2518360961774,25.0
s_bird_117,shape_biased,8,s_bird_117,10.0,2.2304790685812197,0.21895648908177417,0.33503765475962805,9.304322420493069,3064.9147039917716,25.0
s_bird_117,shape_biased,16,s_bird_117,10.0,2.284851997336213,0.12650601520983673,0.2519884558150456,9.824232103892156,3409.0502223299864,25.0
s_bird_117,shape_biased,32,s_bird_117,10.0,2.095046966260014,0.33026120896469363,0.43176321191103906,8.125822600747773,4160.194128557081,25.0
s_bird_117,shape_biased,64,s_bird_117,10.0,2.238889107562515,0.19140570281609506,0.3346431068164193,9.382902100677661,5579.591866113496,25.0
s_bird_117,texture_biased,8,s_bird_117,7.0,1.3328283425721816,0.4648029148633843,0.7612343117993168,3.791752611086448,9999.999999990017,25.0
s_bird_117,texture_biased,16,s_bird_117,10.0,2.302584942184765,0.10008211393846252,0.20014761108696863,9.999998491907306,3043.4187944393107,25.0
s_bird_117,texture_biased,32,s_bird_117,10.0,2.3025850355929705,0.100051604509094,0.2000923712276999,9.999999425989264,1932.5145116123397,25.0
s_bird_117,texture_biased,64,s_bird_117,10.0,2.2715626836443668,0.1579547108139031,0.29098977009564586,9.69453848002327,3715.8397421291456,25.0
s_bird_132,shape_biased,8,s_bird_132,10.0,2.27044938745015,0.147591323702218,0.2808036836617741,9.683751592843125,3261.5141888492035,25.0
s_bird_132,shape_biased,16,s_bird_132,10.0,2.278003920256306,0.1397007027585365,0.26449301532356784,9.757184839632027,4980.240148897633,25.0
s_bird_132,shape_biased,32,s_bird_132,10.0,2.177630440204953,0.19250198860033765,0.35327160515334105,8.825369222651457,4748.810705668798,25.0
s_bird_132,shape_biased,64,s_bird_132,10.0,2.2779423991420873,0.14781697141801575,0.2638338693319628,9.756584585213405,3348.4501883232356,25.0
s_bird_132,texture_biased,8,s_bird_132,10.0,2.3025842728510426,0.10017902098410922,0.20032589692107558,9.999991798573332,5900.218704343915,25.0
s_bird_132,texture_biased,16,s_bird_132,10.0,2.3025849755489314,0.10007021330488365,0.20012526813317055,9.999998825548925,1399.4623945008593,25.0
s_bird_132,texture_biased,32,s_bird_132,10.0,2.29066284542704,0.13611406290060446,0.2523352199305342,9.881485408283204,1509.2720960187098,25.0
s_bird_132,texture_biased,64,s_bird_132,10.0,2.204234745670515,0.20471771899339947,0.34843419070561116,9.063313173731267,3651.537459097236,25.0
s_bird_136,shape_biased,8,s_bird_136,10.0,2.2736337485591043,0.1591169818873099,0.2746421697597937,9.714637304334575,2488.535915535206,25.0
s_bird_136,shape_biased,16,s_bird_136,10.0,2.3025839622138067,0.10019808289738592,0.20036646086244736,9.999988692204003,1720.025924042811,25.0
s_bird_136,shape_biased,32,s_bird_136,10.0,2.292875168692168,0.13462204765149768,0.24904825327399,9.903370648032288,3095.2821214200994,25.0
s_bird_136,shape_biased,64,s_bird_136,10.0,2.181468991904472,0.24160817916816563,0.36969787799097664,8.859310960561675,4595.333997116908,25.0
s_bird_136,texture_biased,8,s_bird_136,10.0,2.30258506794618,0.10003436767603552,0.2000617980555842,9.999999749521345,1256.772216732215,25.0
s_bird_136,texture_biased,16,s_bird_136,10.0,2.2891381279388856,0.14820178662135422,0.2612050099776513,9.866430414894712,1584.6455746119102,25.0
s_bird_136,texture_biased,32,s_bird_136,10.0,2.3020156092906525,0.1050630803505963,0.20980750233495632,9.994306784216738,1310.318428314641,25.0
s_bird_136,texture_biased,64,s_bird_136,10.0,2.205365735029824,0.2133803697959376,0.35670898258728667,9.07356948328606,3164.0504517939794,25.0
s_bird_137,shape_biased,8,s_bird_137,10.0,2.268957649769576,0.15791558466522654,0.3096076573977057,9.669316744882869,2219.547573311582,25.0
s_bird_137,shape_biased,16,s_bird_137,10.0,2.2528067437031947,0.16912271646428637,0.32465247465402697,9.514402885454372,3285.71681464051,25.0
s_bird_137,shape_biased,32,s_bird_137,10.0,2.2878284384963052,0.13332646417196586,0.25562101147291966,9.853516913328567,2618.1463772840284,25.0
s_bird_137,shape_biased,64,s_bird_137,10.0,2.2115530369466914,0.2016794486927889,0.3538199782654638,9.129884436293889,5346.646526321029,25.0
s_bird_137,texture_biased,8,s_bird_137,9.0,2.197215693914773,0.1116794612175751,0.22308469776566242,8.999920049562101,9999.999999989992,25.0
s_bird_137,texture_biased,16,s_bird_137,10.0,2.3025850679973945,0.10003441492042062,0.20006144585776725,9.99999975003349,1258.3507530706497,25.0
s_bird_137,texture_biased,32,s_bird_137,10.0,2.3025850650366215,0.10003638995141402,0.20006497484658928,9.999999720425762,1271.0971135439952,25.0
s_bird_137,texture_biased,64,s_bird_137,10.0,2.246143332600137,0.17218049689102172,0.335441263413079,9.451215263977279,3895.2495816297546,25.0
s_bird_212,shape_biased,8,s_bird_212,10.0,2.177597553015143,0.21517413456465237,0.3910178196396957,8.82507898583125,6325.005456824206,25.0
s_bird_212,shape_biased,16,s_bird_212,10.0,2.302585013280088,0.10005914879884681,0.20010909048388836,9.999999202860453,1618.8961775495536,25.0
s_bird_212,shape_biased,32,s_bird_212,10.0,2.096367648572933,0.27588081654952834,0.4388545153775877,8.136561320592303,4534.307214444428,25.0
s_bird_212,shape_biased,64,s_bird_212,10.0,2.198795077491164,0.24632272768310023,0.3558909898297773,9.01414560632549,4531.729076381257,25.0
s_bird_212,texture_biased,8,s_bird_212,10.0,2.3025850677485806,0.10003470161801496,0.20006178578004877,9.999999747545353,1256.7939935981706,25.0
s_bird_212,texture_biased,16,s_bird_212,10.0,2.27925873275688,0.15915440929759758,0.27791585455788054,9.769435961962428,1656.2112501384051,25.0
s_bird_212,texture_biased,32,s_bird_212,10.0,2.2948177925850777,0.1278264053876008,0.23668832932587627,9.922627871188348,2100.9636605925484,25.0
s_bird_212,texture_biased,64,s_bird_212,10.0,2.2491266512340653,0.18769165801085586,0.3150707988081847,9.479453351249848,3459.2756314955845,25.0
s_bird_350,shape_biased,8,s_bird_350,10.0,2.302403944363985,0.10563228488831096,0.20549912006834664,9.998188677763618,2239.3622471455687,25.0
s_bird_350,shape_biased,16,s_bird_350,10.0,2.235213797984877,0.17638959794793446,0.3509790135419164,9.34848032480942,3221.1006835397156,25.0
s_bird_350,shape_biased,32,s_bird_350,10.0,2.2896621040553975,0.12244953334671095,0.24179379332667422,9.871601543442958,3469.7008613746107,25.0
s_bird_350,shape_biased,64,s_bird_350,10.0,2.2687863875629297,0.15427204104848827,0.2996381991750101,9.66766089815641,4304.902075781763,25.0
s_bird_350,texture_biased,8,s_bird_350,10.0,2.1966026047638096,0.18768479653851555,0.34532719093085673,8.994403987311918,5335.13864159464,25.0
s_bird_350,texture_biased,16,s_bird_350,10.0,2.3008811003905936,0.11795579260047712,0.21608940546910504,9.982974583676791,1286.890444086143,25.0
s_bird_350,texture_biased,32,s_bird_350,10.0,2.2769556615406294,0.15215413152400864,0.29101593120333613,9.74696214453413,2083.8083016540286,25.0
s_bird_350,texture_biased,64,s_bird_350,10.0,2.26369338591849,0.15772485514400872,0.2972152950383096,9.618548655828473,3279.832725154904,25.0
s_butterfly_11,shape_biased,8,s_butterfly_11,10.0,2.3017912393658166,0.10621458304116639,0.21231424365624296,9.992064613901974,1601.7144256500392,25.0
s_butterfly_11,shape_biased,16,s_butterfly_11,10.0,2.179228280571082,0.2485026168882442,0.3805423347814393,8.8394820258421,2486.944338765129,25.0
s_butterfly_11,shape_biased,32,s_butterfly_11,10.0,2.2639801562935356,0.16511552280116293,0.31175852232289314,9.621307366173193,3413.03721370564,25.0
s_butterfly_11,shape_biased,64,s_butterfly_11,10.0,2.2662433283171937,0.15185837295097454,0.29942997365083757,9.643106698350104,4722.941996504269,25.0
s_butterfly_11,texture_biased,8,s_butterfly_11,10.0,2.302585024921311,0.10005703983705004,0.2000955908011527,9.999999319272675,1601.0561855653593,25.0
s_butterfly_11,texture_biased,16,s_butterfly_11,10.0,2.2456086634590813,0.16729355311016997,0.3344558209760533,9.446163341504027,3959.941704929396,25.0
s_butterfly_11,texture_biased,32,s_butterfly_11,10.0,2.2572884592733504,0.1621158440552243,0.3181150750713061,9.557139427987869,4680.375044121222,25.0
s_butterfly_11,texture_biased,64,s_butterfly_11,10.0,2.2368415962760277,0.17654312782943124,0.3133756371227589,9.363710157291735,3265.913369046543,25.0
s_butterfly_144,shape_biased,8,s_butterfly_144,10.0,2.182625071353612,0.2188795683720675,0.41309944066076687,8.869558950500618,2830.4550363986546,25.0
s_butterfly_144,shape_biased,16,s_butterfly_144,10.0,2.274334422734102,0.15536120952768392,0.2885682656905949,9.721446485043153,2897.8922923750292,25.0
s_butterfly_144,shape_biased,32,s_butterfly_144,10.0,2.2302062401558613,0.18550336216211338,0.32392990186893617,9.301784283111816,4231.841558363496,25.0
s_butterfly_144,shape_biased,64,s_butterfly_144,10.0,2.2969146225151085,0.1194103551251961,0.2329258685574792,9.943455762935454,2419.7516949874616,25.0
s_butterfly_144,texture_biased,8,s_butterfly_144,10.0,2.3025850673740367,0.10003484586823826,0.20006219118177793,9.999999743799913,1256.8497976652636,25.0
s_butterfly_144,texture_biased,16,s_butterfly_144,10.0,2.1209240876369053,0.30427796518212097,0.41878067053532964,8.338839747074656,3465.5473356072775,25.0
s_butterfly_144,texture_biased,32,s_butterfly_144,10.0,2.302584876987643,0.10012150031506928,0.2002121530305387,9.999997839936205,3203.2819198781663,25.0
s_butterfly_144,texture_biased,64,s_butterfly_144,10.0,2.2443102365482615,0.16531979663708674,0.32855312843307105,9.433906148074366,5410.918927286137,25.0
s_butterfly_350,shape_biased,8,s_butterfly_350,10.0,2.3025849921912918,0.10005734603909179,0.2001109051379931,9.999998991972511,1580.4400949798953,25.0
s_butterfly_350,shape_biased,16,s_butterfly_350,10.0,2.2661345322208892,0.1348026817093976,0.2689999962743863,9.642057623053761,2333.7047127855026,25.0
s_butterfly_350,shape_biased,32,s_butterfly_350,10.0,2.194980364675602,0.24404696541146956,0.374568293555104,8.979824733316615,3829.94111091082,25.0
s_butterfly_350,shape_biased,64,s_butterfly_350,10.0,2.255776532286636,0.16926111875912797,0.3236537997047557,9.542700648911268,4123.212217490758,25.0
s_butterfly_350,texture_biased,8,s_butterfly_350,10.0,2.3025847395410417,0.10011995738548018,0.20022813326607047,9.999996465470584,4364.070364586916,25.0
s_butterfly_350,texture_biased,16,s_butterfly_350,10.0,2.3015086608557787,0.10657224245817351,0.20862172165397624,9.98924147006985,1429.1664633246712,25.0
s_butterfly_350,texture_biased,32,s_butterfly_350,10.0,2.223309835082309,0.2374773269594596,0.3272344492955265,9.237856101477396,1943.8737075122826,25.0
s_butterfly_350,texture_biased,64,s_butterfly_350,10.0,2.216982745028537,0.20086981310302446,0.33010190818434126,9.179591869909263,3022.726647673614,25.0
s_butterfly_560,shape_biased,8,s_butterfly_560,10.0,2.277559214622506,0.16186362729058548,0.2744894776509334,9.752846729226379,4363.836210980577,25.0
s_butterfly_560,shape_biased,16,s_butterfly_560,10.0,2.2620673706532073,0.1505564038327417,0.3009620131247327,9.60292145735896,2906.8879023669706,25.0
s_butterfly_560,shape_biased,32,s_butterfly_560,10.0,2.2502957153904943,0.17266009309912056,0.33508725698641506,9.490541920747003,2726.0676776380888,25.0
s_butterfly_560,shape_biased,64,s_butterfly_560,10.0,2.2893033317187785,0.13075998231871194,0.25810651332674905,9.868060521139451,4383.175471854203,25.0
s_butterfly_560,texture_biased,8,s_butterfly_560,10.0,2.3025850180085743,0.10010334258381745,0.200111149757556,9.999999250145313,1256.6845142004697,25.0
s_butterfly_560,texture_biased,16,s_butterfly_560,10.0,2.302585067009388,0.10003519403368787,0.20006126023015197,9.999999740153426,1256.6351359569553,25.0
s_butterfly_560,texture_biased,32,s_butterfly_560,10.0,2.3025787679971703,0.10056146825370603,0.20091163447562133,9.999936750231274,1446.0791514585278,25.0
s_butterfly_560,texture_biased,64,s_butterfly_560,10.0,2.230076158756769,0.21886786462212476,0.33515587204021163,9.300574372693339,2561.9334199846567,25.0
s_fish_350,shape_biased,8,s_fish_350,10.0,2.1592445787280394,0.24904510947670744,0.38644101049550217,8.6645897701426,5294.951140274162,25.0
s_fish_350,shape_biased,16,s_fish_350,10.0,1.922432780137089,0.3412937345314443,0.518721736716952,6.837572562594746,5698.510289375228,25.0
s_fish_350,shape_biased,32,s_fish_350,10.0,2.30232937874084,0.1014056345237504,0.20266372908709113,9.997443184388972,2164.115260299739,25.0
s_fish_350,shape_biased,64,s_fish_350,10.0,2.1340672378068186,0.24894280955122297,0.42267439194910816,8.449161771477185,4942.10381687616,25.0
s_fish_350,texture_biased,8,s_fish_350,10.0,2.2820291788475795,0.15125416399175076,0.2619207673128509,9.79653918430417,3184.9144735810346,25.0
s_fish_350,texture_biased,16,s_fish_350,10.0,2.152366807834212,0.25657462903045414,0.38369251778939695,8.605201171510457,6493.720922855338,25.0
s_fish_350,texture_biased,32,s_fish_350,10.0,2.268499356380507,0.1365381854874903,0.26657614140086255,9.664886376223755,4442.160378602855,25.0
s_fish_350,texture_biased,64,s_fish_350,10.0,2.270308172238409,0.15853118298942323,0.3008805859608863,9.682384196362358,3148.863760080896,25.0
s_fish_4,shape_biased,8,s_fish_4,10.0,2.2938191405283517,0.12388992004244448,0.23645933437480393,9.912723564757789,3018.129398650168,25.0
s_fish_4,shape_biased,16,s_fish_4,10.0,2.2298039582069262,0.1890352543910597,0.3355205876642452,9.298043095758354,3850.0535283182035,25.0
s_fish_4,shape_biased,32,s_fish_4,10.0,2.2774912508581764,0.16490679957708293,0.2744129782267595,9.752183911573775,2964.4679859554794,25.0
s_fish_4,shape_biased,64,s_fish_4,10.0,2.253441283099154,0.15089837469972686,0.29128320202578045,9.52044206476018,5167.445143865774,25.0
s_fish_4,texture_biased,8,s_fish_4,10.0,2.302585067306135,0.10003479415394481,0.20006209999755503,9.999999743120895,1256.846441572339,25.0
s_fish_4,texture_biased,16,s_fish_4,10.0,2.1140641528249087,0.2169926877810083,0.39886637744557807,8.281831609615985,6740.133055359395,25.0
s_fish_4,texture_biased,32,s_fish_4,10.0,2.101808253889675,0.25421056795587454,0.46189190642378186,8.180949779924873,7904.054101994541,25.0
s_fish_4,texture_biased,64,s_fish_4,10.0,2.0093960756424223,0.294830786206592,0.541829426241665,7.4588114289386995,6327.196840889961,25.0
s_fish_500,shape_biased,8,s_fish_500,10.0,2.302585067238707,0.10003442198700777,0.20006229041954968,9.999999742446617,1256.915463051907,25.0
s_fish_500,shape_biased,16,s_fish_500,10.0,1.9838720714959972,0.3583586053035532,0.5163112901839222,7.2708417689696825,6910.442324483298,25.0
s_fish_500,shape_biased,32,s_fish_500,10.0,2.1689104360535714,0.18777136453720095,0.3616792881583588,8.74874652702654,5400.0134917268015,25.0
s_fish_500,shape_biased,64,s_fish_500,10.0,2.2111746617550536,0.2330536121255537,0.35500587311090503,9.126430567990923,4168.160289081375,25.0
s_fish_500,texture_biased,8,s_fish_500,10.0,1.932695338773695,0.3998560467262915,0.5444081285633536,6.908104853799586,4597.11781506607,25.0
s_fish_500,texture_biased,16,s_fish_500,10.0,2.0598759347506412,0.2912921762630564,0.48510790997765996,7.844996458498287,4334.798078965741,25.0
s_fish_500,texture_biased,32,s_fish_500,10.0,2.27151792407232,0.15916438786370718,0.293158762600536,9.694104566340679,3259.414132241301,25.0
s_fish_500,texture_biased,64,s_fish_500,10.0,2.263796627429873,0.16696637229754369,0.2871752839445874,9.619541740591917,5402.659024892461,25.0
s_fish_600,shape_biased,8,s_fish_600,10.0,2.2967541934806746,0.10876906119923557,0.21744244368450807,9.941860671881349,2993.301849239765,25.0
s_fish_600,shape_biased,16,s_fish_600,10.0,2.241595162831398,0.1788300709237216,0.3230001270566979,9.40832713760712,3380.8727748430288,25.0
s_fish_600,shape_biased,32,s_fish_600,10.0,2.274850348447402,0.16175809125792553,0.2788454488727889,9.726463323301902,3614.15833764821,25.0
s_fish_600,shape_biased,64,s_fish_600,10.0,2.225168825230403,0.20256995686249568,0.3483363956584162,9.255045157151907,4204.87745631754,25.0
s_fish_600,texture_biased,8,s_fish_600,10.0,2.3025850684837406,0.10003407988435625,0.20006084704702062,9.999999754896951,1256.7059793416818,25.0
s_fish_600,texture_biased,16,s_fish_600,10.0,2.2925775192475455,0.11515837636123835,0.2294112961532207,9.900423353911,1743.5564017665984,25.0
s_fish_600,texture_biased,32,s_fish_600,10.0,2.215176095121071,0.1929617148834056,0.34949617599289656,9.163022533109153,3665.5447675285213,25.0
s_fish_600,texture_biased,64,s_fish_600,10.0,2.2802593264443063,0.13639610250539874,0.2621685615829932,9.779216090066926,4707.354258402392,25.0
s_fish_700,shape_biased,8,s_fish_700,10.0,2.2326657318034715,0.18284955100138245,0.3412169013048171,9.32469010065083,3047.7607700661933,25.0
s_fish_700,shape_biased,16,s_fish_700,10.0,2.3025850094835913,0.10005519815999661,0.20009507055798115,9.999999164895492,1533.2464952673697,25.0
s_fish_700,shape_biased,32,s_fish_700,10.0,2.300665998888116,0.10467705291836094,0.2092346581587664,9.980827461777501,2136.593104634645,25.0
s_fish_700,shape_biased,64,s_fish_700,10.0,1.8718625025028799,0.3504134934102112,0.586972334220934,6.500392128235942,7949.598861079468,25.0
s_fish_700,texture_biased,8,s_fish_700,10.0,2.30258506848472,0.10003407920227834,0.2000608458297538,9.999999754906748,1256.7056630368784,25.0
s_fish_700,texture_biased,16,s_fish_700,10.0,2.28212705465491,0.13766361680913536,0.27373764044816884,9.797498075411234,1786.298026542954,25.0
s_fish_700,texture_biased,32,s_fish_700,10.0,2.220200560164067,0.1953249856790123,0.3360884060022624,9.209177674863295,4098.972931791816,25.0
s_fish_700,texture_biased,64,s_fish_700,10.0,2.3021553277865454,0.10859949412662709,0.20847129812216428,9.995703271283384,2650.0453917564782,25.0
s_fish_800,shape_biased,8,s_fish_800,10.0,2.3016916153331555,0.10690094825027985,0.21321932707326707,9.99106921371424,2325.1066932269955,25.0
s_fish_800,shape_biased,16,s_fish_800,10.0,2.3015784253131257,0.1074456335340957,0.21362073772278206,9.9899383883901,1774.9595295154306,25.0
s_fish_800,shape_biased,32,s_fish_800,10.0,2.1726219259042763,0.2718584101655401,0.3842796440204962,8.781277743263896,3725.8572035391203,25.0
s_fish_800,shape_biased,64,s_fish_800,10.0,2.1261689515866387,0.2727337466305957,0.4338673302548691,8.382690722724172,5542.1037344393635,25.0
s_fish_800,texture_biased,8,s_fish_800,10.0,2.302585067961643,0.1000347006093198,0.20006191460655745,9.999999749675977,1256.7794928798248,25.0
s_fish_800,texture_biased,16,s_fish_800,10.0,2.236357447002821,0.18775002972277768,0.33240988713773734,9.359177821076738,4259.586307400804,25.0
s_fish_800,texture_biased,32,s_fish_800,10.0,2.2943291027279584,0.11671397375649749,0.23099562840533305,9.917779968248709,3497.051593500058,25.0
s_fish_800,texture_biased,64,s_fish_800,10.0,2.0801260108267776,0.31069800017245963,0.4748251134699667,8.005477627595223,4462.948245302476,25.0
s_fish_900,shape_biased,8,s_fish_900,10.0,1.8338121533659226,0.4001860972740471,0.5805053725278269,6.257696545167763,8438.020312023757,25.0
s_fish_900,shape_biased,16,s_fish_900,10.0,2.2821036507572607,0.12917868016819248,0.25547657551470115,9.79726877845229,3522.7982329707656,25.0
s_fish_900,shape_biased,32,s_fish_900,10.0,1.6978035293265332,0.47740782659856246,0.6260318611503253,5.461937221634938,7645.769510522869,25.0
s_fish_900,shape_biased,64,s_fish_900,10.0,2.2118581569715556,0.19100757493738094,0.3577179172141808,9.132670571891364,6423.821373099349,25.0
s_fish_900,texture_biased,8,s_fish_900,10.0,2.3025850258012284,0.10005569004577408,0.2000997253173048,9.99999932807185,2093.340934581844,25.0
s_fish_900,texture_biased,16,s_fish_900,10.0,2.3025850678316497,0.10003916566895059,0.20007032809681563,9.999999748376043,1256.9252869104646,25.0
s_fish_900,texture_biased,32,s_fish_900,10.0,2.1644580869596566,0.2880741088409409,0.3701396231177768,8.709880639807437,2100.793244894013,25.0
s_fish_900,texture_biased,64,s_fish_900,10.0,2.2811388481961195,0.1508130825521506,0.2680841104449454,9.787820906840889,2840.945877791637,25.0
s_oyster_350,shape_biased,8,s_oyster_350,10.0,2.3025821440470517,0.10030361925635739,0.2005285321882983,9.999970510573542,1938.7134111873922,25.0
s_oyster_350,shape_biased,16,s_oyster_350,10.0,2.2495615586108393,0.18342954501439115,0.32898959505450015,9.483576932062954,3244.3222886614917,25.0
s_oyster_350,shape_biased,32,s_oyster_350,10.0,2.2185149419837513,0.18298678982360983,0.31117097347723754,9.193667593258965,2915.7779500342417,25.0
s_oyster_350,shape_biased,64,s_oyster_350,10.0,2.286308497505023,0.13596300563186262,0.2562795610248927,9.838551525198252,3637.428315284481,25.0
s_oyster_350,texture_biased,8,s_oyster_350,10.0,2.3025850670519654,0.10003766942495664,0.2000620066733256,9.9999997405792,1256.9519987923393,25.0
s_oyster_350,texture_biased,16,s_oyster_350,10.0,2.3025848711883077,0.10010181160803354,0.20018862965462708,9.999997781942866,1280.118681723969,25.0
s_oyster_350,texture_biased,32,s_oyster_350,10.0,2.3025781312498803,0.10033746972118977,0.20065255639296525,9.999930382800676,9999.999999989992,25.0
s_oyster_350,texture_biased,64,s_oyster_350,10.0,2.3024228045550066,0.10166937833639274,0.2030334196174724,9.998377247290172,1657.9543909422505,25.0
s_oyster_4,shape_biased,8,s_oyster_4,10.0,2.1522960353378817,0.2589223019666567,0.41853633836834814,8.604592181492249,3028.6042695892397,25.0
s_oyster_4,shape_biased,16,s_oyster_4,10.0,2.3025174299930846,0.10350677796180742,0.20316711806417137,9.999323392881282,1414.5775671979552,25.0
s_oyster_4,shape_biased,32,s_oyster_4,10.0,2.10052027150165,0.29615640950109934,0.46219985156275034,8.170419643461868,5443.795433071257,25.0
s_oyster_4,shape_biased,64,s_oyster_4,10.0,2.0422721683788776,0.3060481263942689,0.5073600624300201,7.708103425302518,5974.998756654515,25.0
s_oyster_4,texture_biased,8,s_oyster_4,10.0,2.3025850670686614,0.1000350685431852,0.2000626354417882,9.99999974074616,1256.9063911207516,25.0
s_oyster_4,texture_biased,16,s_oyster_4,10.0,2.2782770167259527,0.14724557214464057,0.28320811385977246,9.759849856252174,3805.5786188414927,25.0
s_oyster_4,texture_biased,32,s_oyster_4,10.0,2.262913640376661,0.14921512900551498,0.29651135450045396,9.611051558689118,3180.237405514644,25.0
s_oyster_4,texture_biased,64,s_oyster_4,10.0,2.29597267389526,0.12533124555391612,0.24308036925317203,9.934093948369389,2635.634734832288,25.0
