contrast_family,placement_type,num_occluders,occluder_size,level_1,level_2,estimate_diff,std_error,z_value,p_value,p_value_holm,reject_holm
model_within_placement,random,1,8,resnet50_geirhos_tl,resnet50_tl_20250829,-0.2136547207835339,0.36660087069094266,-0.5827992726281664,0.5600284346835969,0.5600284346835969,False
model_within_placement,random,1,16,resnet50_geirhos_tl,resnet50_tl_20250829,-0.48504323860004717,0.366600870690957,-1.3230826148499157,0.1858079055115467,0.5574237165346401,False
model_within_placement,random,1,32,resnet50_geirhos_tl,resnet50_tl_20250829,-1.1160355776547504,0.36660087069095715,-3.0442796700162864,0.0023323820591611977,0.016326674414128384,True
model_within_placement,random,1,64,resnet50_geirhos_tl,resnet50_tl_20250829,-3.073972876913066,0.3666008706909561,-8.385067037946072,0.0,0.0,True
model_within_placement,random,2,8,resnet50_geirhos_tl,resnet50_tl_20250829,-0.3648763628944969,0.2971826068262334,-1.227785053745911,0.21952766782141175,0.5574237165346401,False
model_within_placement,random,2,16,resnet50_geirhos_tl,resnet50_tl_20250829,-1.0666039417187019,0.2971826068262438,-3.5890523779620858,0.0003318821617339651,0.003318821617339651,True
model_within_placement,random,2,32,resnet50_geirhos_tl,resnet50_tl_20250829,-3.705021457320805,0.29718260682624387,-12.467154443823322,0.0,0.0,True
model_within_placement,random,2,64,resnet50_geirhos_tl,resnet50_tl_20250829,-12.184101188108418,0.2971826068262431,-40.99870217247346,0.0,0.0,True
model_within_placement,random,3,8,resnet50_geirhos_tl,resnet50_tl_20250829,-0.5160980050054598,0.2399966056825696,-2.150438767821885,0.031520524577176356,0.15760262288588178,False
model_within_placement,random,3,16,resnet50_geirhos_tl,resnet50_tl_20250829,-1.6481646448373566,0.23999660568257605,-6.867449813091313,6.5358829459682966e-12,9.803824418952445e-11,True
model_within_placement,random,3,32,resnet50_geirhos_tl,resnet50_tl_20250829,-6.294007336986859,0.23999660568257586,-26.22540147635019,0.0,0.0,True
model_within_placement,random,3,64,resnet50_geirhos_tl,resnet50_tl_20250829,-21.294229499303768,0.23999660568257555,-88.72721111509365,0.0,0.0,True
model_within_placement,random,4,8,resnet50_geirhos_tl,resnet50_tl_20250829,-0.6673196471164228,0.2055208145388558,-3.246968676208021,0.0011664122640842045,0.009331298112673636,True
model_within_placement,random,4,16,resnet50_geirhos_tl,resnet50_tl_20250829,-2.2297253479560113,0.20552081453885848,-10.849146121569259,0.0,0.0,True
model_within_placement,random,4,32,resnet50_geirhos_tl,resnet50_tl_20250829,-8.882993216652915,0.2055208145388583,-43.221866537383676,0.0,0.0,True
model_within_placement,random,4,64,resnet50_geirhos_tl,resnet50_tl_20250829,-30.40435781049912,0.20552081453885795,-147.93809512053363,0.0,0.0,True
model_within_placement,random,5,8,resnet50_geirhos_tl,resnet50_tl_20250829,-0.8185412892273857,0.2055208145388576,-3.9827658870660274,6.811784922322595e-05,0.0008855320399019373,True
model_within_placement,random,5,16,resnet50_geirhos_tl,resnet50_tl_20250829,-2.811286051074666,0.20552081453885837,-13.678838600277775,0.0,0.0,True
model_within_placement,random,5,32,resnet50_geirhos_tl,resnet50_tl_20250829,-11.471979096318968,0.20552081453885784,-55.819062035441476,0.0,0.0,True
model_within_placement,random,5,64,resnet50_geirhos_tl,resnet50_tl_20250829,-39.51448612169447,0.2055208145388578,-192.265129983822,0.0,0.0,True
model_within_placement,random,6,8,resnet50_geirhos_tl,resnet50_tl_20250829,-0.9697629313383487,0.23999660568257433,-4.040736028662764,5.3283707613260844e-05,0.0007459719065856518,True
model_within_placement,random,6,16,resnet50_geirhos_tl,resnet50_tl_20250829,-3.3928467541933207,0.2399966056825757,-14.137061416113392,0.0,0.0,True
model_within_placement,random,6,32,resnet50_geirhos_tl,resnet50_tl_20250829,-14.060964975985023,0.23999660568257505,-58.58818267864327,0.0,0.0,True
model_within_placement,random,6,64,resnet50_geirhos_tl,resnet50_tl_20250829,-48.62461443288982,0.23999660568257522,-202.60542558340097,0.0,0.0,True
model_within_placement,random,7,8,resnet50_geirhos_tl,resnet50_tl_20250829,-1.1209845734493116,0.2971826068262397,-3.7720396406130936,0.00016191852372515747,0.0017811037609767322,True
model_within_placement,random,7,16,resnet50_geirhos_tl,resnet50_tl_20250829,-3.974407457311975,0.29718260682624326,-13.373620683109937,0.0,0.0,True
model_within_placement,random,7,32,resnet50_geirhos_tl,resnet50_tl_20250829,-16.649950855651078,0.2971826068262429,-56.02599369278025,0.0,0.0,True
model_within_placement,random,7,64,resnet50_geirhos_tl,resnet50_tl_20250829,-57.73474274408518,0.29718260682624276,-194.2736264435611,0.0,0.0,True
model_within_placement,random,8,8,resnet50_geirhos_tl,resnet50_tl_20250829,-1.2722062155602745,0.3666008706909498,-3.470276033885266,0.0005199237435451476,0.004679313691906328,True
model_within_placement,random,8,16,resnet50_geirhos_tl,resnet50_tl_20250829,-4.55596816043063,0.36660087069095637,-12.427597762775909,0.0,0.0,True
model_within_placement,random,8,32,resnet50_geirhos_tl,resnet50_tl_20250829,-19.238936735317132,0.36660087069095576,-52.479244522950246,0.0,0.0,True
model_within_placement,random,8,64,resnet50_geirhos_tl,resnet50_tl_20250829,-66.84487105528052,0.36660087069095565,-182.33691297375753,0.0,0.0,True
model_within_placement,targeted,1,8,resnet50_geirhos_tl,resnet50_tl_20250829,-0.611913328121771,0.36660087069094155,-1.6691540502031081,0.095086853831571,0.380347415326284,False
model_within_placement,targeted,1,16,resnet50_geirhos_tl,resnet50_tl_20250829,-1.0852248375304054,0.36660087069095504,-2.9602352975458457,0.0030740416076819876,0.018444249646091926,True
model_within_placement,targeted,1,32,resnet50_geirhos_tl,resnet50_tl_20250829,-5.346117294238225,0.3666008706909547,-14.582936707602675,0.0,0.0,True
model_within_placement,targeted,1,64,resnet50_geirhos_tl,resnet50_tl_20250829,-13.490983395146136,0.36660087069095443,-36.80019463597803,0.0,0.0,True
model_within_placement,targeted,2,8,resnet50_geirhos_tl,resnet50_tl_20250829,-1.134014080429855,0.2971826068262331,-3.815883077884599,0.00013569675268176873,0.0016283610321812247,True
model_within_placement,targeted,2,16,resnet50_geirhos_tl,resnet50_tl_20250829,-2.294684125024026,0.2971826068262426,-7.721461728632346,1.1546319456101628e-14,1.9628743075372768e-13,True
model_within_placement,targeted,2,32,resnet50_geirhos_tl,resnet50_tl_20250829,-9.1972093889046,0.29718260682624226,-30.948006974991156,0.0,0.0,True
model_within_placement,targeted,2,64,resnet50_geirhos_tl,resnet50_tl_20250829,-23.124215702421765,0.2971826068262421,-77.81147069600249,0.0,0.0,True
model_within_placement,targeted,3,8,resnet50_geirhos_tl,resnet50_tl_20250829,-1.6561148327379391,0.23999660568256997,-6.900576064514801,5.179190409876355e-12,8.286704655802168e-11,True
model_within_placement,targeted,3,16,resnet50_geirhos_tl,resnet50_tl_20250829,-3.5041434125176467,0.23999660568257555,-14.600804051171869,0.0,0.0,True
model_within_placement,targeted,3,32,resnet50_geirhos_tl,resnet50_tl_20250829,-13.048301483570976,0.23999660568257503,-54.36869178403696,0.0,0.0,True
model_within_placement,targeted,3,64,resnet50_geirhos_tl,resnet50_tl_20250829,-32.7574480096974,0.23999660568257491,-136.49129710202303,0.0,0.0,True
model_within_placement,targeted,4,8,resnet50_geirhos_tl,resnet50_tl_20250829,-2.1782155850460234,0.20552081453885643,-10.598515726659905,0.0,0.0,True
model_within_placement,targeted,4,16,resnet50_geirhos_tl,resnet50_tl_20250829,-4.7136027000112675,0.20552081453885818,-22.934916400499468,0.0,0.0,True
model_within_placement,targeted,4,32,resnet50_geirhos_tl,resnet50_tl_20250829,-16.89939357823735,0.20552081453885784,-82.22716329806187,0.0,0.0,True
model_within_placement,targeted,4,64,resnet50_geirhos_tl,resnet50_tl_20250829,-42.39068031697303,0.20552081453885798,-206.25979131159093,0.0,0.0,True
model_within_placement,targeted,5,8,resnet50_geirhos_tl,resnet50_tl_20250829,-2.7003163373541073,0.20552081453885768,-13.138894682823283,0.0,0.0,True
model_within_placement,targeted,5,16,resnet50_geirhos_tl,resnet50_tl_20250829,-5.923061987504888,0.2055208145388586,-28.819766994379016,0.0,0.0,True
model_within_placement,targeted,5,32,resnet50_geirhos_tl,resnet50_tl_20250829,-20.750485672903725,0.20552081453885823,-100.9653728721496,0.0,0.0,True
model_within_placement,targeted,5,64,resnet50_geirhos_tl,resnet50_tl_20250829,-52.02391262424865,0.20552081453885848,-253.1320866014392,0.0,0.0,True
model_within_placement,targeted,6,8,resnet50_geirhos_tl,resnet50_tl_20250829,-3.2224170896621915,0.23999660568257347,-13.426927770487948,0.0,0.0,True
model_within_placement,targeted,6,16,resnet50_geirhos_tl,resnet50_tl_20250829,-7.132521274998508,0.23999660568257586,-29.719258964987688,0.0,0.0,True
model_within_placement,targeted,6,32,resnet50_geirhos_tl,resnet50_tl_20250829,-24.6015777675701,0.23999660568257497,-102.5080238014229,0.0,0.0,True
model_within_placement,targeted,6,64,resnet50_geirhos_tl,resnet50_tl_20250829,-61.657144931524286,0.2399966056825755,-256.9084040008187,0.0,0.0,True
model_within_placement,targeted,7,8,resnet50_geirhos_tl,resnet50_tl_20250829,-3.744517841970276,0.2971826068262377,-12.600057190290718,0.0,0.0,True
model_within_placement,targeted,7,16,resnet50_geirhos_tl,resnet50_tl_20250829,-8.341980562492129,0.297182606826243,-28.070218010334386,0.0,0.0,True
model_within_placement,targeted,7,32,resnet50_geirhos_tl,resnet50_tl_20250829,-28.452669862236476,0.2971826068262422,-95.74136981331577,0.0,0.0,True
model_within_placement,targeted,7,64,resnet50_geirhos_tl,resnet50_tl_20250829,-71.29037723879992,0.29718260682624187,-239.88744832729162,0.0,0.0,True
model_within_placement,targeted,8,8,resnet50_geirhos_tl,resnet50_tl_20250829,-4.26661859427836,0.3666008706909468,-11.638320951712142,0.0,0.0,True
model_within_placement,targeted,8,16,resnet50_geirhos_tl,resnet50_tl_20250829,-9.55143984998575,0.36660087069095537,-26.054056641992037,0.0,0.0,True
model_within_placement,targeted,8,32,resnet50_geirhos_tl,resnet50_tl_20250829,-32.303761956902854,0.3666008706909549,-88.11698099903033,0.0,0.0,True
model_within_placement,targeted,8,64,resnet50_geirhos_tl,resnet50_tl_20250829,-80.92360954607554,0.36660087069095504,-220.74036374641958,0.0,0.0,True
