model_type,placement_type,num_occluders,occluder_size,n,mean,sd,skew,kurtosis,shapiro_W,shapiro_p,normal_at_0p05
resnet50_geirhos_tl,random,1,16,40,0.10733072757720948,0.1609837974018186,1.9374874255858052,4.598235663322994,0.8224377848555979,2.0600688539497796e-05,False
resnet50_geirhos_tl,random,1,32,40,0.2431897461414337,0.3896089330553645,1.2163348450640425,1.9615053618266014,0.9131058633363273,0.0047056093395000395,False
resnet50_geirhos_tl,random,1,64,40,1.2162205278873444,1.124495468236281,0.204801715466344,-0.5925764009949228,0.9839892371434272,0.8321662354036826,True
resnet50_geirhos_tl,random,1,8,40,-0.020866721868515018,0.10002098689099433,-0.5172825925151011,0.038236466675633185,0.9679130784549983,0.3084614415526946,True
resnet50_geirhos_tl,random,2,16,40,-0.04370855093002318,0.5339902947497197,0.007867317330515404,-0.3505388962071616,0.990638986710921,0.9817909191215598,True
resnet50_geirhos_tl,random,2,32,40,0.200116628408432,0.4384651160704202,1.24495027142987,2.2652845652034355,0.9075306251853605,0.0031897309408698035,False
resnet50_geirhos_tl,random,2,64,40,2.1029968827962877,1.6727383716881195,-0.18470952749174643,-0.18849454110361163,0.9948177476938564,0.9995759647617568,True
resnet50_geirhos_tl,random,2,8,40,-0.07943840622901917,0.3314200098539284,0.19798481499725132,1.4090746492409227,0.9600537659801831,0.16820864031921268,True
resnet50_geirhos_tl,random,3,16,40,0.2608787477016449,0.5062071606779973,-0.37708954749435375,2.1506614170278366,0.9493156429796505,0.071829714565044,True
resnet50_geirhos_tl,random,3,32,40,0.6604126870632172,0.9706422443158464,0.7022987436854253,0.43784849961835937,0.949990269844841,0.07577191759735512,True
resnet50_geirhos_tl,random,3,64,40,2.304064358770847,1.4773699546424173,0.23366879291495718,-0.27550875461321356,0.9861824458711158,0.8984535737793891,True
resnet50_geirhos_tl,random,3,8,40,0.04512396454811095,0.3054281897591297,0.4936326683845121,1.1939462378424786,0.951349549494295,0.08439399149546659,True
resnet50_geirhos_tl,random,4,16,40,0.1206491768360138,0.3403033980675059,0.1483349741932033,-0.49638886309883734,0.979517454752036,0.6716281181304125,True
resnet50_geirhos_tl,random,4,32,40,0.9120576977729797,1.1536464857724136,0.005717963148169315,-0.7183726758858411,0.9774279484041184,0.5948308795801036,True
resnet50_geirhos_tl,random,4,64,40,4.017504363227635,1.7958849627487503,-0.12678030878660684,-0.4047450240101309,0.969706629257521,0.3522808801328454,True
resnet50_geirhos_tl,random,4,8,40,-0.13841791152954103,0.407165225871659,-0.13918774210313573,1.5231769870444962,0.9580022117065804,0.14306183441845216,True
resnet50_geirhos_tl,random,5,16,40,0.06223666071891785,0.5756285167304769,-0.12718781125402248,0.12602723618390854,0.9850846870436231,0.8669111650452312,True
resnet50_geirhos_tl,random,5,32,40,1.1451211363077163,0.975404644909597,0.4309650615977009,1.0302045746538377,0.9493381746982019,0.07195795652040549,True
resnet50_geirhos_tl,random,5,64,40,3.5247171759605407,1.7394071830696118,-0.44071003220916166,1.233536143845491,0.9587128406849189,0.15132885989526895,True
resnet50_geirhos_tl,random,5,8,40,0.03982130885124206,0.44099034898602285,0.8948185476885714,1.501151684566481,0.9358024322244957,0.02501673840197413,False
resnet50_geirhos_tl,random,6,16,40,0.2439650535583496,0.624714127334922,1.309640076819976,2.4427851865595462,0.8936967925466668,0.0012596735267131837,False
resnet50_geirhos_tl,random,6,32,40,1.19244327545166,1.3288014526495295,0.3669725916250177,0.06911699918018277,0.9865117485621687,0.9071737024859294,True
resnet50_geirhos_tl,random,6,64,40,4.485642279870808,1.858672018148691,-0.15906504038304348,-0.07910523943540015,0.9914614634411492,0.9888658404901192,True
resnet50_geirhos_tl,random,6,8,40,0.15064460039138794,0.3069644287843263,-0.09650724676258003,0.29576934346621586,0.9738150703633106,0.47111826220058917,True
resnet50_geirhos_tl,random,7,16,40,0.32482281923294065,0.532334769897617,0.24434731916584848,-0.0002114342890520149,0.9809952792172669,0.726414731084928,True
resnet50_geirhos_tl,random,7,32,40,1.734516841173172,1.4345697857851396,0.5341249431474492,0.9713320735446893,0.9633595982056384,0.21784819576553688,True
resnet50_geirhos_tl,random,7,64,40,4.78942349627614,1.7836906775814243,0.7237469443462786,0.015294584607187023,0.948398118581734,0.06680023574166119,True
resnet50_geirhos_tl,random,7,8,40,0.0535148561000824,0.3870842453312552,0.340362504968411,0.01414638890451192,0.9851104752253087,0.8676925447365407,True
resnet50_geirhos_tl,random,8,16,40,0.2648031532764435,0.6913690391797991,0.23113133014794512,-0.3080159957936788,0.9815500952715169,0.7467687746581924,True
resnet50_geirhos_tl,random,8,32,40,1.8641204878687858,1.515690833031299,-0.0774233041831713,0.5838648874491832,0.9759285261656366,0.5416704258522684,True
resnet50_geirhos_tl,random,8,64,40,4.2848079215735195,1.818914383067892,-0.32168924871161836,0.0019768648705302816,0.986540390382393,0.9079147918748623,True
resnet50_geirhos_tl,random,8,8,40,-0.06844606399536132,0.4317266664254016,-0.5132504741585222,1.0003990430122798,0.970614347338119,0.3763246649191567,True
resnet50_geirhos_tl,targeted,1,16,40,1.057567024230957,0.39434001526551454,1.096767121268631,1.6927692196154602,0.9296410054991389,0.015677451038828026,False
resnet50_geirhos_tl,targeted,1,32,40,1.7769049882888794,0.5905364546227733,0.7976650105713884,0.17786124798114233,0.9344145266733349,0.022498139725338488,False
resnet50_geirhos_tl,targeted,1,64,40,2.947043314576149,0.9203417705522274,0.10020237116496596,-0.4688264728144125,0.9871985283011034,0.924146117675399,True
resnet50_geirhos_tl,targeted,1,8,40,0.5565986514091492,0.17740720686728131,0.7865779380688046,0.20801765355584978,0.9481650569089798,0.06558078589949018,True
resnet50_geirhos_tl,targeted,2,16,40,1.6166845291852951,0.538630506346925,1.8016316510357098,5.516321704466215,0.8487582602854977,8.394413897191488e-05,False
resnet50_geirhos_tl,targeted,2,32,40,2.833995185792446,0.9262299517008415,0.581028955741819,0.9625783314274501,0.9612464111038165,0.18473123749890102,True
resnet50_geirhos_tl,targeted,2,64,40,4.248738771397621,1.5391247902575556,0.11498807831444009,-1.1261409725368163,0.9513041275870958,0.0840904428880001,True
resnet50_geirhos_tl,targeted,2,8,40,0.7925490796566009,0.2693866418665179,0.5797744428640527,0.18415372946846986,0.9642699779842842,0.2337560429335782,True
resnet50_geirhos_tl,targeted,3,16,40,1.9280047055333853,0.6161979061653271,0.5442922301215043,1.499991107991451,0.9637523383938633,0.22458414988251846,True
resnet50_geirhos_tl,targeted,3,32,40,3.3505010329186917,0.9686179671960581,0.05720472973832017,0.2169981170026829,0.9946652561666512,0.9994727708700792,True
resnet50_geirhos_tl,targeted,3,64,40,4.879676254186779,1.7321349132519146,0.1733425715129707,-1.0004392325619438,0.9657090422177862,0.2610796328149688,True
resnet50_geirhos_tl,targeted,3,8,40,1.0002458035945891,0.3538096662053444,0.1073833553285918,0.11420671471947008,0.9917434098047826,0.9907740371413672,True
resnet50_geirhos_tl,targeted,4,16,40,2.195482356660068,0.8091398797855855,0.8972587883674229,1.859817045790174,0.9492716853790398,0.07158019277369547,True
resnet50_geirhos_tl,targeted,4,32,40,3.911628949642181,1.0942875900878801,-0.1073370208305618,-0.20301174309628012,0.9914562763575185,0.9888283812138522,True
resnet50_geirhos_tl,targeted,4,64,40,5.024817198328674,1.9297106992429525,0.34892844448708543,-0.5254591710647354,0.9731315493150431,0.4495937702003238,True
resnet50_geirhos_tl,targeted,4,8,40,1.132820475101471,0.42950208780992133,0.7856316669654835,1.2775965240802103,0.9562923548124481,0.12493944515281485,True
resnet50_geirhos_tl,targeted,5,16,40,2.443911877647042,0.8621989758209428,0.8213623661027293,1.7157592902073384,0.9581784561272417,0.14507013779654188,True
resnet50_geirhos_tl,targeted,5,32,40,4.32643744200468,1.235761107826637,0.9612307198177334,2.4394586653509993,0.9373696427867125,0.028217194978591542,False
resnet50_geirhos_tl,targeted,5,64,40,5.180200434289873,1.9416672055271742,0.34565292994954966,-0.23672462345844636,0.9767904808785046,0.5719657870973722,True
resnet50_geirhos_tl,targeted,5,8,40,1.268305891752243,0.540674416235955,0.1143423344754534,0.7791430209682169,0.9619584493227258,0.19532056298013367,True
resnet50_geirhos_tl,targeted,6,16,40,2.6078638583421707,0.9177148489754441,0.402597968473657,0.4655500939667605,0.9771344174733583,0.5842583856452357,True
resnet50_geirhos_tl,targeted,6,32,40,4.487589058279991,1.2737284999732663,0.8652147174696988,0.6950091180591165,0.9438929370803232,0.046849261277932826,False
resnet50_geirhos_tl,targeted,6,64,40,5.347528157848865,1.846829332646246,0.45658281956897223,-0.03484186103262665,0.9674162062039965,0.29717117017544353,True
resnet50_geirhos_tl,targeted,6,8,40,1.37910076379776,0.5609585247014639,0.3308746081268152,-0.27401763536848245,0.9724029904720198,0.42740246067977916,True
resnet50_geirhos_tl,targeted,7,16,40,2.7556465402245522,0.8702109843509285,-0.010413949691982031,-0.3305441851875468,0.9840581238974374,0.8344336355937838,True
resnet50_geirhos_tl,targeted,7,32,40,4.765041535720229,1.3934917383811283,0.7485426906493033,0.22315046552767948,0.9403379337903517,0.03549917942060205,False
resnet50_geirhos_tl,targeted,7,64,40,5.269668650627136,1.8758460583412995,0.3843300982317588,-0.17500141866382846,0.9789442731539563,0.6503745814208897,True
resnet50_geirhos_tl,targeted,7,8,40,1.4624388724565507,0.6570789666913912,0.45869684922838844,-0.3212052131616039,0.9628315160554468,0.20908652542861328,True
resnet50_geirhos_tl,targeted,8,16,40,2.8866285011172295,1.0921191757971778,0.5403363885208157,0.6219500241344456,0.9679651057793307,0.30966464171846453,True
resnet50_geirhos_tl,targeted,8,32,40,4.898407881706953,1.4962800392173146,0.8992928851479374,0.6759265778704884,0.939295091927704,0.03274094579242796,False
resnet50_geirhos_tl,targeted,8,64,40,5.241760953888297,1.8566432934211743,0.30825828704406105,-0.06716114814473251,0.9788680190735053,0.6475537458319668,True
resnet50_geirhos_tl,targeted,8,8,40,1.5077852457761765,0.6572086545535388,0.3688471132489192,0.0419237194889468,0.9838249068416753,0.826717155634014,True
resnet50_tl_20250829,random,1,16,40,0.42522850036621096,0.18762067122499615,-1.4231563697788514,4.106645205509234,0.8652736178941136,0.00021605422725421523,False
resnet50_tl_20250829,random,1,32,40,1.4786779403686523,0.8356121591171276,0.7676392425949106,-0.3260564937227435,0.9292808061495135,0.015259618159386633,False
resnet50_tl_20250829,random,1,64,40,4.809278297424316,2.874328538207106,0.9056489991586254,0.7413179010743254,0.9373307842782407,0.02813289421209732,False
resnet50_tl_20250829,random,1,8,40,0.13780155181884765,0.10955405540638465,-1.128548821577629,2.587961875792188,0.9005963991547561,0.0019897298181438382,False
resnet50_tl_20250829,random,2,16,40,0.6987577438354492,0.45911315084279597,0.564420914712004,0.17461166895716573,0.9653349985813627,0.2537129067875761,True
resnet50_tl_20250829,random,2,32,40,4.464948272705078,1.0143519830928471,-1.006711385926055,0.003664620755996051,0.879441105583485,0.0005084003453872804,False
resnet50_tl_20250829,random,2,64,40,15.805550003051758,3.2550256538326074,-0.5612925884180198,0.8383202198550137,0.9729223152495485,0.44314025261597195,True
resnet50_tl_20250829,random,2,8,40,0.5070493698120118,0.2556698496073723,0.4971094787633736,0.26519700599636264,0.9645699064467643,0.2392264164781373,True
resnet50_tl_20250829,random,3,16,40,2.3167261123657226,0.7967535237652157,-0.21030107108076992,-0.8274727698837894,0.960210723634141,0.17029928649978965,True
resnet50_tl_20250829,random,3,32,40,5.584616661071777,2.223458453016338,1.149925627420179,1.0848241006023773,0.9034486443933104,0.0024122927725439267,False
resnet50_tl_20250829,random,3,64,40,23.734015655517577,4.222352483513344,-0.31804040238901804,-0.8092439755564178,0.941583375428293,0.039111331812368505,False
resnet50_tl_20250829,random,3,8,40,0.5616802215576172,0.264532388583541,0.013462454690329258,0.4685477823583293,0.9831269620746822,0.802995914432729,True
resnet50_tl_20250829,random,4,16,40,2.459060478210449,0.5998274737149255,-0.9705758126545964,1.2736910279662652,0.9222879106874864,0.009095171507755224,False
resnet50_tl_20250829,random,4,32,40,11.621712493896485,2.844704924205951,-0.2783293716134785,-0.5479417186264852,0.9696900492836595,0.3518534658422889,True
resnet50_tl_20250829,random,4,64,40,35.00993747711182,6.426270624222712,-0.48659589441493517,0.03992439400259373,0.9716158911273448,0.4043233690146739,True
resnet50_tl_20250829,random,4,8,40,0.5394956588745117,0.30914810729677844,0.15714758222447067,-0.16763203983696684,0.9789072377539234,0.649004297959636,True
resnet50_tl_20250829,random,5,16,40,2.6501373291015624,0.8445180481032883,-0.3531887536174205,-0.2502592212889767,0.9852268342888197,0.8711954267634896,True
resnet50_tl_20250829,random,5,32,40,11.164023208618165,3.1624111538259085,-0.7152974996377562,0.30337057848919047,0.9527322224629813,0.09418219356096788,True
resnet50_tl_20250829,random,5,64,40,42.593150520324706,6.019731213611293,-0.8257189283360685,0.9359508465400004,0.9449343902125846,0.050838936510549215,True
resnet50_tl_20250829,random,5,8,40,0.8412033081054687,0.29927956290275415,-0.4121213201070097,0.6507551646253327,0.9733582216135207,0.4566573090107732,True
resnet50_tl_20250829,random,6,16,40,4.216560173034668,1.28050377172897,-1.0862937926680116,1.6691618968752122,0.9206111510838962,0.008049922932759928,False
resnet50_tl_20250829,random,6,32,40,16.2275390625,3.0407421094247935,0.0757451416198382,0.26174837832724007,0.9906244595736543,0.9816445313091052,True
resnet50_tl_20250829,random,6,64,40,50.79013442993164,8.230844895487307,-1.4385305629547964,4.78961736094437,0.8790283458245874,0.0004955712010402235,False
resnet50_tl_20250829,random,6,8,40,0.7565893173217774,0.2621140100014373,0.5179761761999129,-0.38320954792023176,0.9545884263513429,0.10913795374766272,True
resnet50_tl_20250829,random,7,16,40,4.45157642364502,1.221617945793018,-1.0691069175921701,-0.07099647851889213,0.8477698280180679,7.945772150995303e-05,False
resnet50_tl_20250829,random,7,32,40,16.142778205871583,3.2091144326994625,-0.9932369323927915,2.78276935008486,0.9340471170063297,0.021876711807027736,False
resnet50_tl_20250829,random,7,64,40,52.7273530960083,7.563663313950453,-1.2354684633357311,2.740682485388257,0.9151612616406922,0.005442536583567271,False
resnet50_tl_20250829,random,7,8,40,0.9641834259033203,0.28452315759040503,-0.7098355138483997,1.8209836870224887,0.9323827659540147,0.019278075492597684,False
resnet50_tl_20250829,random,8,16,40,4.286976623535156,0.8577377363397065,-1.0412974376846629,4.071297651652279,0.8951894548101516,0.001389194083051133,False
resnet50_tl_20250829,random,8,32,40,22.687571907043456,5.213477615385031,-0.5420274787133661,-0.36800509596332454,0.9543814998050583,0.10735958274911478,True
resnet50_tl_20250829,random,8,64,40,80.93133325576783,7.505478345075392,-0.5072749053634485,0.2647538031403118,0.9709991428661943,0.38689957466602676,True
resnet50_tl_20250829,random,8,8,40,1.6173765182495117,0.5670346476764163,-0.4873780188779159,1.1673800298358836,0.9637469325656074,0.22449014011464952,True
resnet50_tl_20250829,targeted,1,16,40,2.070724868774414,0.2843908320075294,0.7339346749784359,0.19183038301229827,0.9480160610384495,0.06481310832991617,True
resnet50_tl_20250829,targeted,1,32,40,6.65107536315918,0.7925314272000443,-0.7104374973621662,0.8175913174799452,0.9648784720151264,0.24497602853885236,True
resnet50_tl_20250829,targeted,1,64,40,14.277812385559082,1.3838751606522413,-0.676813078957382,-0.1350740113892699,0.9420590241162603,0.04058932782486695,False
resnet50_tl_20250829,targeted,1,8,40,1.0521642684936523,0.20672622430933957,1.5609571704424123,4.205085291889656,0.8859125290112495,0.0007629073412524353,False
resnet50_tl_20250829,targeted,2,16,40,3.818344306945801,0.6287849291824457,0.3248607031095276,2.173068142196481,0.9410216697469125,0.03743731517726626,False
resnet50_tl_20250829,targeted,2,32,40,11.907444381713868,1.5028471956103275,-0.8974149456775264,0.24037534872934518,0.9215181578828369,0.008598631719677768,False
resnet50_tl_20250829,targeted,2,64,40,26.89523811340332,2.82208795165145,-0.6968808615507777,-0.05191623648826971,0.9512067020249734,0.08344307339648617,True
resnet50_tl_20250829,targeted,2,8,40,1.935931396484375,0.3556310056753773,0.982059370380639,2.447158927770972,0.9432712065481441,0.044622498761941645,False
resnet50_tl_20250829,targeted,3,16,40,5.464247131347657,0.6701022956379,-0.37110942549038184,0.5789627894684206,0.9759581465592233,0.5426983570577322,True
resnet50_tl_20250829,targeted,3,32,40,16.785051536560058,2.0708410155724057,-1.3510159101676187,2.457175584047092,0.8971872769795848,0.0015850242419187803,False
resnet50_tl_20250829,targeted,3,64,40,38.297635841369626,3.7733101009769014,-0.7209963284211668,0.1582799466861129,0.9470894615957021,0.06024046688131826,True
resnet50_tl_20250829,targeted,3,8,40,2.6910709381103515,0.44842613065006803,1.1723964274722622,2.654715025831333,0.9126553600940004,0.0045586290787655555,False
resnet50_tl_20250829,targeted,4,16,40,7.024402236938476,0.8087576670603787,-0.015657697238500093,0.43697420027100575,0.9823885661355198,0.7770401732975333,True
resnet50_tl_20250829,targeted,4,32,40,21.19491672515869,2.160285806982196,-1.138588581509829,1.6848289596185912,0.9030287465497606,0.0023445477346488814,False
resnet50_tl_20250829,targeted,4,64,40,49.319295692443845,4.044513152034427,-0.40303971888877066,-0.5650895166542624,0.9698585513231605,0.35621687367117916,True
resnet50_tl_20250829,targeted,4,8,40,3.4186935424804688,0.5351877981081093,1.2736822306990245,2.8667611230998284,0.9081622587340427,0.003331967138745111,False
resnet50_tl_20250829,targeted,5,16,40,8.469465065002442,0.9757906764932,-0.35105626055836686,0.25935641759703865,0.9770456202218674,0.5810744815771616,True
resnet50_tl_20250829,targeted,5,32,40,25.13299732208252,2.7796476442690743,-0.4349413912072286,-0.09659723301124945,0.9690617415523284,0.33596560247749246,True
resnet50_tl_20250829,targeted,5,64,40,59.12871580123901,4.4145746240115,-0.7376352665082906,0.5501685363804096,0.9516254148428404,0.0862614644037988,True
resnet50_tl_20250829,targeted,5,8,40,4.025865745544434,0.6819753768600926,1.3952696093294739,4.3361878057238075,0.8960692597408089,0.0014720772946202295,False
resnet50_tl_20250829,targeted,6,16,40,9.83020305633545,1.1600070971517606,-0.6654090592292826,1.3728109005386155,0.9464922762688942,0.057469449700643556,True
resnet50_tl_20250829,targeted,6,32,40,29.307205200195312,3.332974954473253,-0.3037996844510147,-0.08735070251018051,0.9630676064865624,0.2129622324072321,True
resnet50_tl_20250829,targeted,6,64,40,67.89054498672485,4.834739483628331,-0.25499452668929584,-0.36702256643769404,0.9836418570032213,0.8205832061932983,True
resnet50_tl_20250829,targeted,6,8,40,4.610538673400879,0.8242358018150218,1.5954313002910707,5.596224925675253,0.8815243039122271,0.0005787421708370857,False
resnet50_tl_20250829,targeted,7,16,40,11.051368904113769,1.2603797898619862,-0.8438128737601533,1.612912332254706,0.933994854419963,0.0217897819521376,False
resnet50_tl_20250829,targeted,7,32,40,33.19277973175049,3.366077137333666,-0.3996717373722554,0.3019232970280368,0.9731634144544801,0.45058223148055393,True
resnet50_tl_20250829,targeted,7,64,40,76.08454170227051,5.575028668836619,-0.3747127807559735,-0.14858142793992712,0.9714798487896532,0.40042992105192066,True
resnet50_tl_20250829,targeted,7,8,40,5.171227645874024,0.8885104556282601,1.4578446276569974,4.394989041986096,0.8986593742472624,0.0017479176764048346,False
resnet50_tl_20250829,targeted,8,16,40,12.309692573547363,1.4531070690066694,-0.7123091879648104,0.9940933335488396,0.9416605090534941,0.03934717975389626,False
resnet50_tl_20250829,targeted,8,32,40,36.77855281829834,3.5356940883372543,-0.4154092376307069,0.5224718542951039,0.9757690826579963,0.5361542326358987,True
resnet50_tl_20250829,targeted,8,64,40,83.90402097702027,6.025029193662856,-0.544874669845273,-0.1381570645458674,0.9660385905682576,0.2677282102083236,True
resnet50_tl_20250829,targeted,8,8,40,5.708480262756348,0.9956261340116003,1.357419199828352,4.9427116822437425,0.8950702851781478,0.0013783531547716605,False
