effect_name,level_1,level_2,n_pairs,mean_diff,sd_diff,se_diff,t_value,p_value,cohens_dz,model_type,occluder_size,num_occluders,p_value_holm,reject_holm
placement_within_model,random,targeted,40,-0.9502362966537475,0.45052818963925373,0.07123476146861575,-13.339502752071372,4.087045793652684e-16,-2.1091605775314957,resnet50_geirhos_tl,16,1,8.582796166670636e-15,True
placement_within_model,random,targeted,40,-1.6603930801153184,0.6959484838327108,0.11003911715261179,-15.089116698496783,7.162426368037688e-18,-2.3857988323665014,resnet50_geirhos_tl,16,2,1.790606592009422e-16,True
placement_within_model,random,targeted,40,-1.6671259578317403,0.6931602958175462,0.10959826591897658,-15.211243935777297,5.4685837351397905e-18,-2.405108844074014,resnet50_geirhos_tl,16,3,1.4765176084877435e-16,True
placement_within_model,random,targeted,40,-2.0748331798240542,0.8343580499138039,0.13192359109120377,-15.72753714981609,1.777727373477186e-18,-2.486741968916584,resnet50_geirhos_tl,16,4,5.15540938308384e-17,True
placement_within_model,random,targeted,40,-2.3816752169281243,0.8881035782858067,0.1404215052764403,-16.960900769717913,1.3501431630723197e-19,-2.681753880020582,resnet50_geirhos_tl,16,5,4.320458121831423e-18,True
placement_within_model,random,targeted,40,-2.363898804783821,0.8774846530940196,0.1387425057809909,-17.03802876758839,1.1546469873205048e-19,-2.6939488872525468,resnet50_geirhos_tl,16,6,3.810335058157666e-18,True
placement_within_model,random,targeted,40,-2.4308237209916115,0.9175701765083768,0.14508058354045983,-16.754989962621067,2.055433822185075e-19,-2.6491965227571015,resnet50_geirhos_tl,16,7,6.166301466555225e-18,True
placement_within_model,random,targeted,40,-2.621825347840786,1.1321398102331923,0.1790070215043846,-14.646494454836601,1.9298276137577525e-17,-2.3158141107154915,resnet50_geirhos_tl,16,8,4.631586273018606e-16,True
placement_within_model,random,targeted,40,-1.5337152421474456,0.684346968550574,0.10820475652257162,-14.174194290872148,5.68865291361808e-17,-2.241136897845559,resnet50_geirhos_tl,32,1,1.3083901701321584e-15,True
placement_within_model,random,targeted,40,-2.633878557384014,0.9329865092400081,0.14751811977040785,-17.85461041317021,2.277600394834435e-20,-2.8230617820288937,resnet50_geirhos_tl,32,2,8.42712146088741e-19,True
placement_within_model,random,targeted,40,-2.6900883458554743,1.2786121682606617,0.20216633478550716,-13.306312095481095,4.427795161597404e-16,-2.103912673938408,resnet50_geirhos_tl,32,3,8.855590323194808e-15,True
placement_within_model,random,targeted,40,-2.9995712518692015,1.4798163439828378,0.23397950828644867,-12.81980321198464,1.453752419256899e-15,-2.026988865250693,resnet50_geirhos_tl,32,4,2.471379112736728e-14,True
placement_within_model,random,targeted,40,-3.1813163056969644,1.3243389524342801,0.2093963741886859,-15.192795567846359,5.695518761049219e-18,-2.4021919009852852,resnet50_geirhos_tl,32,5,1.480834877872797e-16,True
placement_within_model,random,targeted,40,-3.295145782828331,1.5733378743487032,0.24876656059748542,-13.245935365726316,5.123850561092091e-16,-2.09436627475353,resnet50_geirhos_tl,32,6,9.735316066074973e-15,True
placement_within_model,random,targeted,40,-3.030524694547057,1.6355289523117302,0.25859983342269893,-11.718973885004246,2.3830469051242286e-14,-1.8529324658322783,resnet50_geirhos_tl,32,7,3.33626566717392e-13,True
placement_within_model,random,targeted,40,-3.0342873938381674,1.7364469120225348,0.2745563638978614,-11.05160102924062,1.399203964634194e-13,-1.7474115521930738,resnet50_geirhos_tl,32,8,1.679044757561033e-12,True
placement_within_model,random,targeted,40,-1.7308227866888046,0.9753110060576494,0.1542102103086226,-11.22378851066275,8.813648349321076e-14,-1.7746367834861672,resnet50_geirhos_tl,64,1,1.1457742854117399e-12,True
placement_within_model,random,targeted,40,-2.145741888601333,1.8855849346442919,0.29813715575878486,-7.197163611292373,1.1508334879802126e-08,-1.1379714852283325,resnet50_geirhos_tl,64,2,8.055834415861488e-08,True
placement_within_model,random,targeted,40,-2.575611895415932,1.4916968015242345,0.23585797356023555,-10.920181567481112,1.99619604123859e-13,-1.7266323107914017,resnet50_geirhos_tl,64,3,1.99619604123859e-12,True
placement_within_model,random,targeted,40,-1.0073128351010383,1.6039569856837728,0.2536078671849404,-3.9719305488518932,0.0002978050388916404,-0.6280173621187336,resnet50_geirhos_tl,64,4,0.0008934151166749212,True
placement_within_model,random,targeted,40,-1.655483258329332,1.6475139957646028,0.26049483518105726,-6.355148105637819,1.6642303602045752e-07,-1.0048371440759936,resnet50_geirhos_tl,64,5,9.985382161227452e-07,True
placement_within_model,random,targeted,40,-0.8618858779780567,0.9357557890824985,0.14795598135944094,-5.825285805000411,9.056215843698788e-07,-0.9210585582624388,resnet50_geirhos_tl,64,6,4.528107921849394e-06,True
placement_within_model,random,targeted,40,-0.4802451543509959,0.9930254899359381,0.15701111614010882,-3.058669769103796,0.004006655039450969,-0.48361815403346536,resnet50_geirhos_tl,64,7,0.008013310078901938,True
placement_within_model,random,targeted,40,-0.9569530323147774,1.3321511222420126,0.2106315866917076,-4.543255108814369,5.229404559156899e-05,-0.718351706752477,resnet50_geirhos_tl,64,8,0.00020917618236627596,True
placement_within_model,random,targeted,40,-0.5774653732776642,0.21343506364102377,0.03374704668243129,-17.111582495255583,9.951459247663711e-20,-2.705578752743751,resnet50_geirhos_tl,8,1,3.3834961442056614e-18,True
placement_within_model,random,targeted,40,-0.8719874858856201,0.4596684365921818,0.07267996140599908,-11.997632758974543,1.15731921515555e-14,-1.8969923024304758,resnet50_geirhos_tl,8,2,1.735978822733325e-13,True
placement_within_model,random,targeted,40,-0.9551218390464783,0.4323931845430499,0.0683673653944775,-13.9704350684783,9.138600399637044e-17,-2.2089197359940913,resnet50_geirhos_tl,8,3,2.0104920879201498e-15,True
placement_within_model,random,targeted,40,-1.271238386631012,0.6218500541260382,0.0983231267068634,-12.929190000446495,1.110022484978271e-15,-2.0442844351242173,resnet50_geirhos_tl,8,4,1.9980404729608878e-14,True
placement_within_model,random,targeted,40,-1.228484582901001,0.723620824529998,0.11441449839219177,-10.737140835857906,3.2867381740039514e-13,-1.6976910299657546,resnet50_geirhos_tl,8,5,2.629390539203161e-12,True
placement_within_model,random,targeted,40,-1.228456163406372,0.6151045905385453,0.097256575266353,-12.631085970712462,2.3232559657613562e-15,-1.9971500494425123,resnet50_geirhos_tl,8,6,3.71720954521817e-14,True
placement_within_model,random,targeted,40,-1.4089240163564682,0.825733621824582,0.13055994927729,-10.791395249121322,2.8338551223467773e-13,-1.7062694059171768,resnet50_geirhos_tl,8,7,2.5504696101120995e-12,True
placement_within_model,random,targeted,40,-1.5762313097715377,0.9049093251851191,0.14307872717554726,-11.016531533982794,1.5380378987697417e-13,-1.741866578122714,resnet50_geirhos_tl,8,8,1.6918416886467158e-12,True
placement_within_model,random,targeted,40,-1.6454963684082031,0.3173770923352969,0.05018172444705531,-32.79074975082411,5.256575388148363e-30,-5.184672769860146,resnet50_tl_20250829,16,1,3.311642494533469e-28,True
placement_within_model,random,targeted,40,-3.1195865631103517,0.8497757895666663,0.13436134977493072,-23.21788645571055,1.9282632350829152e-24,-3.671070182760973,resnet50_tl_20250829,16,2,9.448489851906285e-23,True
placement_within_model,random,targeted,40,-3.1475210189819336,1.1214917175037553,0.1773234102162996,-17.7501719324176,2.7939491558071334e-20,-2.8065486083015982,resnet50_tl_20250829,16,3,1.005821696090568e-18,True
placement_within_model,random,targeted,40,-4.565341758728027,0.9806964686029802,0.15506172670346122,-29.442092873496428,2.9921984897033606e-28,-4.6552036281230205,resnet50_tl_20250829,16,4,1.8551630636160836e-26,True
placement_within_model,random,targeted,40,-5.819327735900879,1.2887318209482659,0.20376639236664085,-28.558820069945828,9.323603585075057e-28,-4.515545935397903,resnet50_tl_20250829,16,5,5.594162151045035e-26,True
placement_within_model,random,targeted,40,-5.613642883300781,1.789553776378329,0.28295329643555744,-19.839468046555478,5.560077317565704e-22,-3.1368953296623387,resnet50_tl_20250829,16,6,2.2240309270262816e-20,True
placement_within_model,random,targeted,40,-6.59979248046875,1.8037027312763867,0.2851904426350003,-23.141702854732284,2.1734925513761264e-24,-3.6590244977887347,resnet50_tl_20250829,16,7,1.0432764246605407e-22,True
placement_within_model,random,targeted,40,-8.022715950012207,1.746596607655078,0.27616117168567644,-29.050847014596147,4.9309983165707806e-28,-4.593342226161332,resnet50_tl_20250829,16,8,3.0079089731081763e-26,True
placement_within_model,random,targeted,40,-5.172397422790527,1.2280481114332575,0.19417145541986794,-26.638299700674125,1.2375461048983628e-26,-4.21188500241559,resnet50_tl_20250829,32,1,6.8065035769409955e-25,True
placement_within_model,random,targeted,40,-7.442496109008789,1.3892193572629286,0.21965486692730166,-33.88268246963999,1.5283820544214843e-30,-5.357322492016065,resnet50_tl_20250829,32,2,9.781645148297499e-29,True
placement_within_model,random,targeted,40,-11.20043487548828,3.190588794891512,0.504476383443449,-22.202099529489335,9.791977935671494e-24,-3.5104601675469507,resnet50_tl_20250829,32,3,4.406390071052173e-22,True
placement_within_model,random,targeted,40,-9.573204231262206,2.729701425916794,0.4316036919053224,-22.18054296292305,1.014250897461867e-23,-3.507051775102825,resnet50_tl_20250829,32,4,4.462703948832215e-22,True
placement_within_model,random,targeted,40,-13.968974113464355,3.583147482562085,0.5665453618597324,-24.656408919508287,2.139834308498864e-25,-3.8985205553068707,resnet50_tl_20250829,32,5,1.134112183504398e-23,True
placement_within_model,random,targeted,40,-13.079666137695312,3.4687511256493337,0.5484577096662403,-23.848085106971766,7.255850018158687e-25,-3.770713338578553,resnet50_tl_20250829,32,6,3.773042009442517e-23,True
placement_within_model,random,targeted,40,-17.050001525878905,3.780769812941128,0.5977921958851355,-28.521619457800725,9.787610843350512e-28,-4.50966400216135,resnet50_tl_20250829,32,7,5.774690397576803e-26,True
placement_within_model,random,targeted,40,-14.090980911254883,4.052091909565475,0.6406919861283965,-21.993377810770703,1.378185193568534e-23,-3.477458366132155,resnet50_tl_20250829,32,8,5.926196332344696e-22,True
placement_within_model,random,targeted,40,-9.468534088134765,3.3076716791017646,0.5229888128997571,-18.10465894219735,1.4017298732665666e-20,-2.862597925893918,resnet50_tl_20250829,64,1,5.326573518412953e-19,True
placement_within_model,random,targeted,40,-11.089688110351563,4.0666784242001635,0.6429983165968463,-17.246838481701175,7.580913699089727e-20,-2.726964601960798,resnet50_tl_20250829,64,2,2.6533197946814044e-18,True
placement_within_model,random,targeted,40,-14.56362018585205,3.9335609593122745,0.6219505973271852,-23.416040194251426,1.4145765244098046e-24,-3.7024010397943052,resnet50_tl_20250829,64,3,7.214340274490003e-23,True
placement_within_model,random,targeted,40,-14.309358215332031,5.367348212136437,0.8486522672791873,-16.861273771421597,1.6537820509529459e-19,-2.6660014684674773,resnet50_tl_20250829,64,4,5.126724357954132e-18,True
placement_within_model,random,targeted,40,-16.535565280914305,4.4909280961464395,0.7100780795933198,-23.286967667534043,1.7304118473931383e-24,-3.681992881405313,resnet50_tl_20250829,64,5,8.652059236965692e-23,True
placement_within_model,random,targeted,40,-17.100410556793214,7.082491454968956,1.1198402253190884,-15.270402125375167,4.801241965448812e-18,-2.4144625751430815,resnet50_tl_20250829,64,6,1.3443477503256674e-16,True
placement_within_model,random,targeted,40,-23.357188606262206,8.122340457201688,1.2842547888045357,-18.18734787666591,1.1952466498005895e-20,-2.8756721944045713,resnet50_tl_20250829,64,7,4.661461934222299e-19,True
placement_within_model,random,targeted,40,-2.9726877212524414,6.6778074236303,1.0558540617326329,-2.8154342811110915,0.007599648862908978,-0.44515924654149125,resnet50_tl_20250829,64,8,0.008013310078901938,True
placement_within_model,random,targeted,40,-0.9143627166748047,0.2518937733606931,0.039827902611701826,-22.957842535402705,2.9056854200357753e-24,-3.629953628768368,resnet50_tl_20250829,8,1,1.3656721474168144e-22,True
placement_within_model,random,targeted,40,-1.4288820266723632,0.44496428199779026,0.07035503042672375,-20.309592903389813,2.413030279787211e-22,-3.211228596275193,resnet50_tl_20250829,8,2,1.0134727175106287e-20,True
placement_within_model,random,targeted,40,-2.1293907165527344,0.5932834292260556,0.09380634671948217,-22.69985764311288,4.381824368871195e-24,-3.5891626356909154,resnet50_tl_20250829,8,3,2.0156392096807497e-22,True
placement_within_model,random,targeted,40,-2.879197883605957,0.6436320523028178,0.10176716301827633,-28.29201284788574,1.3225791177016543e-27,-4.473360009503293,resnet50_tl_20250829,8,4,7.670958882669595e-26,True
placement_within_model,random,targeted,40,-3.184662437438965,0.8093356805063998,0.12796720710212806,-24.88655109036919,1.521229311196817e-25,-3.934909227585676,resnet50_tl_20250829,8,5,8.214638280462812e-24,True
placement_within_model,random,targeted,40,-3.8539493560791014,0.8675682685709826,0.13717458771864893,-28.09521369937498,1.7149656032996725e-27,-4.4422433319595065,resnet50_tl_20250829,8,6,9.775303938808134e-26,True
placement_within_model,random,targeted,40,-4.207044219970703,0.9844476280156926,0.15565483708398878,-27.028033942181,7.225786230751636e-27,-4.273507396681584,resnet50_tl_20250829,8,7,4.046440289220916e-25,True
placement_within_model,random,targeted,40,-4.091103744506836,1.2970816589441687,0.20508661767466427,-19.948175024255804,4.577506025259525e-22,-3.1540834120166465,resnet50_tl_20250829,8,8,1.8767774703564052e-20,True
